a,a,a,,a@vocera.com,,,,,,,0009ef001001,,,,,Global
b,b,b,,a2@vocera.com,,,,,,,0009ef001002,,,,,Global
c,c,c,,a3@vocera.com,,,,,,,0009ef001003,,,,,Global
d,d,d,,a4@vocera.com,,,,,,,0009ef001004,,,,,Global
e,e,e,,a5@vocera.com,,,,,,,0009ef001005,,,,,Global
f,f,f,,a6@vocera.com,,,,,,,0009ef001006,,,,,Global
g,g,g,,a7@vocera.com,,,,,,,0009ef001007,,,,,Global
h,h,h,,a8@vocera.com,,,,,,,0009ef001008,,,,,Global
i,i,i,,a9@vocera.com,,,,,,,0009ef001009,,,,,Global
j,j,j,,a10@vocera.com,,,,,,,0009ef001010,,,,,Global
k,k,k,,a11@vocera.com,,,,,,,0009ef001011,,,,,Global
l,l,l,,a12@vocera.com,,,,,,,0009ef001012,,,,,Global
m,m,m,,a13@vocera.com,,,,,,,0009ef001013,,,,,Global
n,n,n,,a14@vocera.com,,,,,,,0009ef001014,,,,,Global
o,o,o,,a15@vocera.com,,,,,,,0009ef001015,,,,,Global
p,p,p,,a16@vocera.com,,,,,,,0009ef001016,,,,,Global
q,q,q,,a17@vocera.com,,,,,,,0009ef001017,,,,,Global
r,r,r,,a18@vocera.com,,,,,,,0009ef001018,,,,,Global
s,s,s,,a19@vocera.com,,,,,,,0009ef001019,,,,,Global
t,t,t,,a20@vocera.com,,,,,,,0009ef001020,,,,,Global
u,u,u,,a21@vocera.com,,,,,,,0009ef001021,,,,,Global
v,v,v,,a22@vocera.com,,,,,,,0009ef001022,,,,,Global
w,w,w,,a23@vocera.com,,,,,,,0009ef001023,,,,,Global
x,x,x,,a24@vocera.com,,,,,,,0009ef001024,,,,,Global
y,y,y,,a25@vocera.com,,,,,,,0009ef001025,,,,,Global
z,z,z,,a26@vocera.com,,,,,,,0009ef001026,,,,,Global
1,1,1,,a27@vocera.com,,,,,,,0009ef001027,,,,,Global
2,2,2,,a28@vocera.com,,,,,,,0009ef001028,,,,,Global
3,3,3,,a29@vocera.com,,,,,,,0009ef001029,,,,,Global
4,4,4,,a30@vocera.com,,,,,,,0009ef001030,,,,,Global
5,5,5,,a31@vocera.com,,,,,,,0009ef001031,,,,,Global
6,6,6,,a32@vocera.com,,,,,,,0009ef001032,,,,,Global
7,7,7,,a33@vocera.com,,,,,,,0009ef001033,,,,,Global
8,8,8,,a34@vocera.com,,,,,,,0009ef001034,,,,,Global
9,9,9,,a35@vocera.com,,,,,,,0009ef001035,,,,,Global
0,0,0,,a36@vocera.com,,,,,,,0009ef001036,,,,,Global
a37,37,a,,a37@vocera.com,,,,,,,0009ef001037,,,,,Global
a38,38,a,,a38@vocera.com,,,,,,,0009ef001038,,,,,Global
a39,39,a,,a39@vocera.com,,,,,,,0009ef001039,,,,,Global
a40,40,a,,a40@vocera.com,,,,,,,0009ef001040,,,,,Global
a41,41,a,,a41@vocera.com,,,,,,,0009ef001041,,,,,Global
a42,42,a,,a42@vocera.com,,,,,,,0009ef001042,,,,,Global
a43,43,a,,a43@vocera.com,,,,,,,0009ef001043,,,,,Global
a44,44,a,,a44@vocera.com,,,,,,,0009ef001044,,,,,Global
a45,45,a,,a45@vocera.com,,,,,,,0009ef001045,,,,,Global
a46,46,a,,a46@vocera.com,,,,,,,0009ef001046,,,,,Global
a47,47,a,,a47@vocera.com,,,,,,,0009ef001047,,,,,Global
a48,48,a,,a48@vocera.com,,,,,,,0009ef001048,,,,,Global
a49,49,a,,a49@vocera.com,,,,,,,0009ef001049,,,,,Global
a50,50,a,,a50@vocera.com,,,,,,,0009ef001050,,,,,Global
a51,51,a,,a51@vocera.com,,,,,,,0009ef001051,,,,,Global
a52,52,a,,a52@vocera.com,,,,,,,0009ef001052,,,,,Global
a53,53,a,,a53@vocera.com,,,,,,,0009ef001053,,,,,Global
a54,54,a,,a54@vocera.com,,,,,,,0009ef001054,,,,,Global
a55,55,a,,a55@vocera.com,,,,,,,0009ef001055,,,,,Global
a56,56,a,,a56@vocera.com,,,,,,,0009ef001056,,,,,Global
a57,57,a,,a57@vocera.com,,,,,,,0009ef001057,,,,,Global
a58,58,a,,a58@vocera.com,,,,,,,0009ef001058,,,,,Global
a59,59,a,,a59@vocera.com,,,,,,,0009ef001059,,,,,Global
a60,60,a,,a60@vocera.com,,,,,,,0009ef001060,,,,,Global
a61,61,a,,a61@vocera.com,,,,,,,0009ef001061,,,,,Global
a62,62,a,,a62@vocera.com,,,,,,,0009ef001062,,,,,Global
a63,63,a,,a63@vocera.com,,,,,,,0009ef001063,,,,,Global
a64,64,a,,a64@vocera.com,,,,,,,0009ef001064,,,,,Global
a65,65,a,,a65@vocera.com,,,,,,,0009ef001065,,,,,Global
a66,66,a,,a66@vocera.com,,,,,,,0009ef001066,,,,,Global
a67,67,a,,a67@vocera.com,,,,,,,0009ef001067,,,,,Global
a68,68,a,,a68@vocera.com,,,,,,,0009ef001068,,,,,Global
a69,69,a,,a69@vocera.com,,,,,,,0009ef001069,,,,,Global
a70,70,a,,a70@vocera.com,,,,,,,0009ef001070,,,,,Global
a71,71,a,,a71@vocera.com,,,,,,,0009ef001071,,,,,Global
a72,72,a,,a72@vocera.com,,,,,,,0009ef001072,,,,,Global
a73,73,a,,a73@vocera.com,,,,,,,0009ef001073,,,,,Global
a74,74,a,,a74@vocera.com,,,,,,,0009ef001074,,,,,Global
a75,75,a,,a75@vocera.com,,,,,,,0009ef001075,,,,,Global
a76,76,a,,a76@vocera.com,,,,,,,0009ef001076,,,,,Global
a77,77,a,,a77@vocera.com,,,,,,,0009ef001077,,,,,Global
a78,78,a,,a78@vocera.com,,,,,,,0009ef001078,,,,,Global
a79,79,a,,a79@vocera.com,,,,,,,0009ef001079,,,,,Global
a80,80,a,,a80@vocera.com,,,,,,,0009ef001080,,,,,Global
a81,81,a,,a81@vocera.com,,,,,,,0009ef001081,,,,,Global
a82,82,a,,a82@vocera.com,,,,,,,0009ef001082,,,,,Global
a83,83,a,,a83@vocera.com,,,,,,,0009ef001083,,,,,Global
a84,84,a,,a84@vocera.com,,,,,,,0009ef001084,,,,,Global
a85,85,a,,a85@vocera.com,,,,,,,0009ef001085,,,,,Global
a86,86,a,,a86@vocera.com,,,,,,,0009ef001086,,,,,Global
a87,87,a,,a87@vocera.com,,,,,,,0009ef001087,,,,,Global
a88,88,a,,a88@vocera.com,,,,,,,0009ef001088,,,,,Global
a89,89,a,,a89@vocera.com,,,,,,,0009ef001089,,,,,Global
a90,90,a,,a90@vocera.com,,,,,,,0009ef001090,,,,,Global
a91,91,a,,a91@vocera.com,,,,,,,0009ef001091,,,,,Global
a92,92,a,,a92@vocera.com,,,,,,,0009ef001092,,,,,Global
a93,93,a,,a93@vocera.com,,,,,,,0009ef001093,,,,,Global
a94,94,a,,a94@vocera.com,,,,,,,0009ef001094,,,,,Global
a95,95,a,,a95@vocera.com,,,,,,,0009ef001095,,,,,Global
a96,96,a,,a96@vocera.com,,,,,,,0009ef001096,,,,,Global
a97,97,a,,a97@vocera.com,,,,,,,0009ef001097,,,,,Global
a98,98,a,,a98@vocera.com,,,,,,,0009ef001098,,,,,Global
a99,99,a,,a99@vocera.com,,,,,,,0009ef001099,,,,,Global
a100,100,a,,a100@vocera.com,,,,,,,0009ef001100,,,,,Global
