TestUser4575,4373
TestUser453,4323
TestUser4118,3866
TestUser4294,4061
TestUser4295,4062
TestUser4296,4063
TestUser4297,4064
TestUser4290,4057
TestUser4291,4058
TestUser4292,4059
TestUser4293,4060
TestUser3981,3713
TestUser4298,4065
TestUser4137,3887
TestUser4416,4197
TestUser2627,2209
TestUser2626,2208
TestUser2625,2207
TestUser2624,2206
TestUser2623,2205
TestUser2622,2204
TestUser2621,2203
TestUser2620,2202
TestUser4452,4237
TestUser4453,4238
TestUser4450,4235
TestUser4451,4236
TestUser4456,4241
TestUser4457,4242
TestUser2629,2211
TestUser2628,2210
TestUser3980,3712
TestUser937,5331
TestUser4417,4198
TestUser4035,3774
TestUser3602,3293
TestUser3466,3141
TestUser3467,3142
TestUser3464,3139
TestUser3465,3140
TestUser2999,2621
TestUser2998,2620
TestUser3460,3135
TestUser3461,3136
TestUser2995,2617
TestUser2994,2616
TestUser2997,2619
TestUser2996,2618
TestUser2991,2613
TestUser2990,2612
TestUser2993,2615
TestUser2992,2614
TestUser3664,3361
TestUser3611,3303
TestUser3666,3363
TestUser3667,3364
TestUser3660,3357
TestUser3661,3358
TestUser3662,3359
TestUser3610,3302
TestUser4033,3772
TestUser3668,3365
TestUser3669,3366
TestUser3918,3643
TestUser3919,3644
TestUser336,3023
TestUser337,3034
TestUser334,3001
TestUser335,3012
TestUser332,2979
TestUser333,2990
TestUser330,2957
TestUser331,2968
TestUser4415,4196
TestUser998,5398
TestUser999,5399
TestUser338,3045
TestUser339,3056
TestUser87,5256
TestUser518,4866
TestUser4620,4424
TestUser516,4864
TestUser4038,3777
TestUser514,4862
TestUser515,4863
TestUser512,4860
TestUser513,4861
TestUser510,4858
TestUser4039,3778
TestUser3619,3311
TestUser4069,3811
TestUser4068,3810
TestUser1538,999
TestUser1539,1000
TestUser1536,997
TestUser1537,998
TestUser1534,995
TestUser1535,996
TestUser1532,993
TestUser1533,994
TestUser1530,991
TestUser1531,992
TestUser198,1489
TestUser199,1500
TestUser81,5190
TestUser192,1423
TestUser193,1434
TestUser190,1401
TestUser191,1412
TestUser196,1467
TestUser197,1478
TestUser194,1445
TestUser195,1456
TestUser3862,3581
TestUser3863,3582
TestUser3860,3579
TestUser3861,3580
TestUser3866,3585
TestUser3867,3586
TestUser2849,2455
TestUser2848,2454
TestUser2847,2453
TestUser2846,2452
TestUser2845,2451
TestUser2844,2450
TestUser2843,2449
TestUser2842,2448
TestUser2841,2447
TestUser2840,2446
TestUser905,5296
TestUser904,5295
TestUser423,3990
TestUser4458,4243
TestUser602,4960
TestUser603,4961
TestUser4410,4191
TestUser4459,4244
TestUser606,4964
TestUser607,4965
TestUser604,4962
TestUser140,846
TestUser475,4567
TestUser608,4966
TestUser609,4967
TestUser900,5291
TestUser4117,3865
TestUser4116,3864
TestUser1408,855
TestUser1409,856
TestUser4113,3861
TestUser4112,3860
TestUser4111,3859
TestUser4110,3858
TestUser1402,849
TestUser1403,850
TestUser1400,847
TestUser1401,848
TestUser1406,853
TestUser1407,854
TestUser1404,851
TestUser1405,852
TestUser4411,4192
TestUser3488,3165
TestUser3489,3166
TestUser474,4556
TestUser3484,3161
TestUser3120,2758
TestUser3486,3163
TestUser3487,3164
TestUser3480,3157
TestUser3481,3158
TestUser3482,3159
TestUser3483,3160
TestUser4518,4310
TestUser3231,2881
TestUser4906,4741
TestUser909,5300
TestUser3230,2880
TestUser908,5299
TestUser1749,1233
TestUser1748,1232
TestUser1745,1229
TestUser1744,1228
TestUser1747,1231
TestUser1746,1230
TestUser1741,1225
TestUser1740,1224
TestUser1743,1227
TestUser1742,1226
TestUser4219,3978
TestUser476,4578
TestUser3239,2889
TestUser3238,2888
TestUser4935,4773
TestUser2245,1785
TestUser4900,4735
TestUser4936,4774
TestUser4931,4769
TestUser4930,4768
TestUser4933,4771
TestUser2244,1784
TestUser4939,4777
TestUser2247,1787
TestUser4666,4474
TestUser479,4611
TestUser2246,1786
TestUser4653,4460
TestUser2241,1781
TestUser4063,3805
TestUser2859,2466
TestUser2240,1780
TestUser4901,4736
TestUser2243,1783
TestUser719,5089
TestUser2242,1782
TestUser4796,4618
TestUser478,4600
TestUser4849,4677
TestUser4848,4676
TestUser4841,4669
TestUser4840,4668
TestUser4843,4671
TestUser4842,4670
TestUser4845,4673
TestUser4844,4672
TestUser4847,4675
TestUser4846,4674
TestUser3268,2921
TestUser3269,2922
TestUser3260,2913
TestUser3261,2914
TestUser3262,2915
TestUser3263,2916
TestUser3264,2917
TestUser3265,2918
TestUser3266,2919
TestUser3267,2920
TestUser710,5080
TestUser340,3068
TestUser711,5081
TestUser4903,4738
TestUser712,5082
TestUser2195,1729
TestUser2194,1728
TestUser2197,1731
TestUser2196,1730
TestUser2191,1725
TestUser2190,1724
TestUser2193,1727
TestUser2192,1726
TestUser714,5084
TestUser2199,1733
TestUser2198,1732
TestUser715,5085
TestUser4825,4651
TestUser716,5086
TestUser717,5087
TestUser349,3167
TestUser487,4700
TestUser348,3156
TestUser4576,4374
TestUser4668,4476
TestUser4168,3921
TestUser4665,4473
TestUser4664,4472
TestUser4667,4475
TestUser3129,2767
TestUser4661,4469
TestUser4660,4468
TestUser4663,4471
TestUser4662,4470
TestUser4945,4784
TestUser413,3879
TestUser79,5167
TestUser2443,2005
TestUser2442,2004
TestUser2441,2003
TestUser2440,2002
TestUser2447,2009
TestUser2446,2008
TestUser2445,2007
TestUser2444,2006
TestUser2449,2011
TestUser2448,2010
TestUser1253,683
TestUser1252,682
TestUser1251,681
TestUser1250,680
TestUser1257,687
TestUser1256,686
TestUser1255,685
TestUser1254,684
TestUser3462,3137
TestUser1259,689
TestUser1258,688
TestUser4017,3754
TestUser3463,3138
TestUser548,4899
TestUser4599,4399
TestUser4598,4398
TestUser4593,4393
TestUser4592,4392
TestUser4591,4391
TestUser4590,4390
TestUser4597,4397
TestUser4596,4396
TestUser4595,4395
TestUser4594,4394
TestUser2506,2075
TestUser2507,2076
TestUser2504,2073
TestUser2505,2074
TestUser2502,2071
TestUser2503,2072
TestUser2500,2069
TestUser2501,2070
TestUser664,5028
TestUser2508,2077
TestUser2509,2078
TestUser3000,2625
TestUser3001,2626
TestUser3002,2627
TestUser3003,2628
TestUser3004,2629
TestUser3005,2630
TestUser3006,2631
TestUser3007,2632
TestUser3008,2633
TestUser3009,2634
TestUser4446,4230
TestUser3468,3143
TestUser4714,4528
TestUser2275,1818
TestUser3916,3641
TestUser4716,4530
TestUser3665,3362
TestUser3914,3639
TestUser4710,4524
TestUser4287,4053
TestUser4286,4052
TestUser4285,4051
TestUser3915,3640
TestUser4283,4049
TestUser4282,4048
TestUser4281,4047
TestUser4280,4046
TestUser3912,3637
TestUser4571,4369
TestUser4712,4526
TestUser4289,4055
TestUser3913,3638
TestUser2612,2193
TestUser2613,2194
TestUser2610,2191
TestUser2611,2192
TestUser2616,2197
TestUser2617,2198
TestUser2614,2195
TestUser2615,2196
TestUser3714,3417
TestUser3715,3418
TestUser2618,2199
TestUser2619,2200
TestUser3710,3413
TestUser3711,3414
TestUser3712,3415
TestUser3713,3416
TestUser4206,3964
TestUser867,5253
TestUser4205,3963
TestUser299,2611
TestUser298,2600
TestUser4108,3855
TestUser4031,3770
TestUser291,2523
TestUser290,2512
TestUser293,2545
TestUser292,2534
TestUser295,2567
TestUser294,2556
TestUser297,2589
TestUser296,2578
TestUser3471,3147
TestUser3470,3146
TestUser3473,3149
TestUser3472,3148
TestUser3475,3151
TestUser3474,3150
TestUser3477,3153
TestUser3476,3152
TestUser3479,3155
TestUser3478,3154
TestUser4200,3958
TestUser4956,4796
TestUser3677,3375
TestUser3676,3374
TestUser3675,3373
TestUser3674,3372
TestUser3673,3371
TestUser3672,3370
TestUser3671,3369
TestUser3670,3368
TestUser3909,3633
TestUser3908,3632
TestUser4954,4794
TestUser990,5390
TestUser3679,3377
TestUser3678,3376
TestUser4812,4637
TestUser991,5391
TestUser3699,3399
TestUser610,4969
TestUser996,5396
TestUser4810,4635
TestUser997,5397
TestUser4811,4636
TestUser646,5008
TestUser994,5394
TestUser4816,4641
TestUser995,5395
TestUser3121,2759
TestUser4817,4642
TestUser1529,989
TestUser1528,988
TestUser4054,3795
TestUser2439,2000
TestUser4052,3793
TestUser3698,3398
TestUser4050,3791
TestUser2693,2282
TestUser1521,981
TestUser1520,980
TestUser1523,983
TestUser1522,982
TestUser1525,985
TestUser1524,984
TestUser1527,987
TestUser1526,986
TestUser1091,503
TestUser647,5009
TestUser2691,2280
TestUser3879,3599
TestUser3878,3598
TestUser1090,502
TestUser3875,3595
TestUser2696,2285
TestUser3877,3597
TestUser3876,3596
TestUser3871,3591
TestUser1093,505
TestUser3873,3593
TestUser2697,2286
TestUser4570,4368
TestUser2878,2487
TestUser1092,504
TestUser2694,2283
TestUser459,4389
TestUser2433,1994
TestUser2872,2481
TestUser1095,507
TestUser2870,2479
TestUser2695,2284
TestUser2876,2485
TestUser2877,2486
TestUser2874,2483
TestUser1094,506
TestUser3992,3725
TestUser594,4950
TestUser3128,2766
TestUser850,5235
TestUser1097,509
TestUser694,5061
TestUser1096,508
TestUser697,5064
TestUser677,5042
TestUser676,5041
TestUser675,5040
TestUser674,5039
TestUser673,5038
TestUser672,5037
TestUser671,5036
TestUser670,5035
TestUser85,5234
TestUser4514,4306
TestUser2435,1996
TestUser4060,3802
TestUser679,5044
TestUser3993,3726
TestUser1415,863
TestUser1414,862
TestUser1417,865
TestUser1416,864
TestUser1411,859
TestUser1410,858
TestUser1413,861
TestUser1412,860
TestUser4015,3752
TestUser4129,3878
TestUser1419,867
TestUser1418,866
TestUser3499,3177
TestUser3498,3176
TestUser3497,3175
TestUser3496,3174
TestUser3495,3173
TestUser3494,3172
TestUser3493,3171
TestUser3492,3170
TestUser3491,3169
TestUser3490,3168
TestUser4955,4795
TestUser341,3079
TestUser3381,3047
TestUser699,5066
TestUser698,5065
TestUser1738,1221
TestUser1739,1222
TestUser709,5078
TestUser708,5077
TestUser83,5212
TestUser1730,1213
TestUser1731,1214
TestUser1732,1215
TestUser1733,1216
TestUser1734,1217
TestUser1735,1218
TestUser1736,1219
TestUser1737,1220
TestUser3380,3046
TestUser628,4988
TestUser82,5201
TestUser4519,4311
TestUser640,5002
TestUser2296,1841
TestUser2297,1842
TestUser2294,1839
TestUser2295,1840
TestUser2292,1837
TestUser2293,1838
TestUser2290,1835
TestUser2291,1836
TestUser4948,4787
TestUser4949,4788
TestUser2298,1843
TestUser2299,1844
TestUser1086,497
TestUser1087,498
TestUser1084,495
TestUser1085,496
TestUser2050,1569
TestUser1083,494
TestUser2052,1571
TestUser2053,1572
TestUser595,4951
TestUser4422,4204
TestUser2058,1577
TestUser2059,1578
TestUser1088,499
TestUser1089,500
TestUser1644,1117
TestUser1645,1118
TestUser1646,1119
TestUser1647,1120
TestUser1640,1113
TestUser1641,1114
TestUser1642,1115
TestUser1643,1116
TestUser4067,3809
TestUser805,5185
TestUser1648,1121
TestUser1649,1122
TestUser80,5179
TestUser4066,3808
TestUser4065,3807
TestUser4064,3806
TestUser3279,2933
TestUser3278,2932
TestUser4343,4116
TestUser3273,2927
TestUser3272,2926
TestUser3271,2925
TestUser3270,2924
TestUser3277,2931
TestUser3276,2930
TestUser3275,2929
TestUser3274,2928
TestUser4420,4202
TestUser4253,4016
TestUser519,4867
TestUser3384,3050
TestUser3137,2776
TestUser1392,837
TestUser1393,838
TestUser1390,835
TestUser1391,836
TestUser1396,841
TestUser1397,842
TestUser1394,839
TestUser1395,840
TestUser1398,843
TestUser1399,844
TestUser3250,2902
TestUser955,5351
TestUser4705,4518
TestUser3138,2777
TestUser953,5349
TestUser4618,4421
TestUser3692,3392
TestUser4349,4122
TestUser819,5200
TestUser4610,4413
TestUser4611,4414
TestUser4612,4415
TestUser4613,4416
TestUser4614,4417
TestUser4615,4418
TestUser4616,4419
TestUser4617,4420
TestUser817,5198
TestUser907,5298
TestUser2478,2043
TestUser2479,2044
TestUser2476,2041
TestUser2477,2042
TestUser2474,2039
TestUser2475,2040
TestUser2472,2037
TestUser2473,2038
TestUser2470,2035
TestUser2471,2036
TestUser3989,3721
TestUser814,5195
TestUser2278,1821
TestUser2279,1822
TestUser1268,699
TestUser1269,700
TestUser1266,697
TestUser1267,698
TestUser1264,695
TestUser1265,696
TestUser1262,693
TestUser1263,694
TestUser1260,691
TestUser1261,692
TestUser95,5345
TestUser429,4056
TestUser1068,477
TestUser1069,478
TestUser440,4179
TestUser1064,473
TestUser1065,474
TestUser1066,475
TestUser1067,476
TestUser1060,469
TestUser1061,470
TestUser1062,471
TestUser1063,472
TestUser69,5056
TestUser927,5320
TestUser3864,3583
TestUser68,5045
TestUser3865,3584
TestUser4122,3871
TestUser3719,3422
TestUser2511,2081
TestUser2510,2080
TestUser2513,2083
TestUser2512,2082
TestUser2515,2085
TestUser2514,2084
TestUser2517,2087
TestUser2516,2086
TestUser2519,2089
TestUser2518,2088
TestUser4728,4543
TestUser3868,3587
TestUser3013,2639
TestUser3012,2638
TestUser3011,2637
TestUser3010,2636
TestUser3017,2643
TestUser3016,2642
TestUser3015,2641
TestUser3014,2640
TestUser426,4023
TestUser3019,2645
TestUser3018,2644
TestUser427,4034
TestUser61,4968
TestUser424,4001
TestUser60,4957
TestUser3923,3649
TestUser62,4979
TestUser2609,2189
TestUser2608,2188
TestUser435,4123
TestUser2605,2185
TestUser2604,2184
TestUser2607,2187
TestUser2606,2186
TestUser2601,2181
TestUser2600,2180
TestUser2603,2183
TestUser2602,2182
TestUser4430,4213
TestUser4431,4214
TestUser4432,4215
TestUser4433,4216
TestUser4434,4217
TestUser4435,4218
TestUser3709,3411
TestUser3708,3410
TestUser3707,3409
TestUser3706,3408
TestUser3705,3407
TestUser3704,3406
TestUser3703,3405
TestUser3702,3404
TestUser3701,3403
TestUser3700,3402
TestUser4217,3976
TestUser4946,4785
TestUser593,4949
TestUser288,2489
TestUser289,2500
TestUser286,2467
TestUser287,2478
TestUser284,2445
TestUser285,2456
TestUser282,2423
TestUser283,2434
TestUser280,2401
TestUser281,2412
TestUser1888,1387
TestUser1889,1388
TestUser1886,1385
TestUser1887,1386
TestUser1884,1383
TestUser1885,1384
TestUser1882,1381
TestUser1883,1382
TestUser1880,1379
TestUser1881,1380
TestUser3642,3337
TestUser3643,3338
TestUser3640,3335
TestUser3641,3336
TestUser3646,3341
TestUser3647,3342
TestUser3644,3339
TestUser3645,3340
TestUser4544,4339
TestUser4545,4340
TestUser3648,3343
TestUser3649,3344
TestUser4540,4335
TestUser4541,4336
TestUser4542,4337
TestUser4543,4338
TestUser601,4959
TestUser661,5025
TestUser605,4963
TestUser4041,3781
TestUser4040,3780
TestUser4043,3783
TestUser4042,3782
TestUser4045,3785
TestUser4044,3784
TestUser4047,3787
TestUser4046,3786
TestUser4049,3789
TestUser4048,3788
TestUser4441,4225
TestUser3808,3521
TestUser3809,3522
TestUser3800,3513
TestUser3801,3514
TestUser3802,3515
TestUser3803,3516
TestUser3804,3517
TestUser3805,3518
TestUser3718,3421
TestUser3807,3520
TestUser2865,2473
TestUser2864,2472
TestUser2867,2475
TestUser2866,2474
TestUser2861,2469
TestUser2860,2468
TestUser2863,2471
TestUser2862,2470
TestUser444,4223
TestUser445,4234
TestUser446,4245
TestUser447,4256
TestUser2869,2477
TestUser2868,2476
TestUser442,4201
TestUser443,4212
TestUser4210,3969
TestUser878,5265
TestUser4115,3863
TestUser650,5013
TestUser665,5029
TestUser666,5030
TestUser4114,3862
TestUser4139,3889
TestUser4138,3888
TestUser662,5026
TestUser663,5027
TestUser4135,3885
TestUser4134,3884
TestUser3936,3663
TestUser4136,3886
TestUser4131,3881
TestUser4130,3880
TestUser4133,3883
TestUser4132,3882
TestUser1460,913
TestUser1461,914
TestUser1462,915
TestUser1463,916
TestUser1464,917
TestUser1465,918
TestUser1466,919
TestUser1467,920
TestUser1468,921
TestUser1469,922
TestUser864,5250
TestUser3639,3333
TestUser3638,3332
TestUser4109,3856
TestUser590,4946
TestUser4120,3869
TestUser92,5312
TestUser718,5088
TestUser4276,4041
TestUser1729,1211
TestUser1728,1210
TestUser4119,3867
TestUser4277,4042
TestUser1723,1205
TestUser1722,1204
TestUser1721,1203
TestUser1720,1202
TestUser1727,1209
TestUser1726,1208
TestUser1725,1207
TestUser1724,1206
TestUser511,4859
TestUser4275,4040
TestUser4272,4037
TestUser655,5018
TestUser4273,4038
TestUser3635,3329
TestUser3634,3328
TestUser2281,1825
TestUser2280,1824
TestUser2283,1827
TestUser2282,1826
TestUser2285,1829
TestUser2284,1828
TestUser2287,1831
TestUser2286,1830
TestUser2289,1833
TestUser2288,1832
TestUser4959,4799
TestUser4958,4798
TestUser4577,4375
TestUser2047,1565
TestUser2046,1564
TestUser2045,1563
TestUser2044,1562
TestUser2043,1561
TestUser2042,1560
TestUser2041,1559
TestUser2040,1558
TestUser1099,511
TestUser1098,510
TestUser4995,4839
TestUser2049,1567
TestUser2048,1566
TestUser1657,1131
TestUser1656,1130
TestUser1655,1129
TestUser1654,1128
TestUser1653,1127
TestUser1652,1126
TestUser1651,1125
TestUser1650,1124
TestUser4683,4493
TestUser4572,4370
TestUser1659,1133
TestUser1658,1132
TestUser3998,3731
TestUser493,4767
TestUser929,5322
TestUser96,5356
TestUser3246,2897
TestUser3247,2898
TestUser3244,2895
TestUser3245,2896
TestUser3242,2893
TestUser3243,2894
TestUser3240,2891
TestUser3241,2892
TestUser3248,2899
TestUser3249,2900
TestUser3140,2780
TestUser4784,4605
TestUser1389,833
TestUser1388,832
TestUser1385,829
TestUser1384,828
TestUser1387,831
TestUser1386,830
TestUser1381,825
TestUser1380,824
TestUser1383,827
TestUser1382,826
TestUser4681,4491
TestUser3396,3063
TestUser580,4935
TestUser651,5014
TestUser881,5269
TestUser956,5352
TestUser3390,3057
TestUser4609,4411
TestUser4608,4410
TestUser882,5270
TestUser3391,3058
TestUser4603,4405
TestUser4602,4404
TestUser4601,4403
TestUser3397,3064
TestUser4607,4409
TestUser4606,4408
TestUser4605,4407
TestUser4604,4406
TestUser2469,2033
TestUser2468,2032
TestUser2461,2025
TestUser2460,2024
TestUser2463,2027
TestUser2462,2026
TestUser2465,2029
TestUser2464,2028
TestUser2467,2031
TestUser2466,2030
TestUser1279,711
TestUser1278,710
TestUser3392,3059
TestUser3393,3060
TestUser3394,3061
TestUser3395,3062
TestUser2269,1811
TestUser2268,1810
TestUser1271,703
TestUser1270,702
TestUser1273,705
TestUser1272,704
TestUser1275,707
TestUser1274,706
TestUser1277,709
TestUser1276,708
TestUser2267,1809
TestUser4212,3971
TestUser1079,489
TestUser1078,488
TestUser1077,487
TestUser1076,486
TestUser1075,485
TestUser1074,484
TestUser1073,483
TestUser1072,482
TestUser1071,481
TestUser1070,480
TestUser400,3735
TestUser2264,1806
TestUser3399,3066
TestUser2263,1805
TestUser402,3757
TestUser2262,1804
TestUser4737,4553
TestUser4736,4552
TestUser3387,3053
TestUser403,3768
TestUser4733,4549
TestUser2261,1803
TestUser3028,2655
TestUser3029,2656
TestUser3026,2653
TestUser3027,2654
TestUser3024,2651
TestUser2260,1802
TestUser3022,2649
TestUser3023,2650
TestUser3020,2647
TestUser3021,2648
TestUser406,3801
TestUser407,3812
TestUser4738,4554
TestUser472,4534
TestUser780,5157
TestUser4437,4220
TestUser452,4312
TestUser2678,2265
TestUser2679,2266
TestUser3927,3653
TestUser2670,2257
TestUser2671,2258
TestUser2672,2259
TestUser2673,2260
TestUser2674,2261
TestUser2675,2262
TestUser2676,2263
TestUser2677,2264
TestUser4423,4205
TestUser4311,4081
TestUser3738,3443
TestUser3739,3444
TestUser4427,4209
TestUser4426,4208
TestUser4425,4207
TestUser4310,4080
TestUser3732,3437
TestUser3733,3438
TestUser3730,3435
TestUser3731,3436
TestUser3736,3441
TestUser3737,3442
TestUser3734,3439
TestUser3735,3440
TestUser4877,4708
TestUser94,5334
TestUser450,4290
TestUser273,2323
TestUser272,2312
TestUser271,2301
TestUser270,2290
TestUser277,2367
TestUser276,2356
TestUser275,2345
TestUser274,2334
TestUser4213,3972
TestUser279,2389
TestUser278,2378
TestUser1899,1399
TestUser1898,1398
TestUser951,5347
TestUser3659,3355
TestUser3658,3354
TestUser4318,4088
TestUser1891,1391
TestUser1890,1390
TestUser1893,1393
TestUser1892,1392
TestUser1895,1395
TestUser1894,1394
TestUser1897,1397
TestUser1896,1396
TestUser2704,2295
TestUser2705,2296
TestUser2706,2297
TestUser2707,2298
TestUser2700,2291
TestUser2701,2292
TestUser2702,2293
TestUser2703,2294
TestUser3386,3052
TestUser4556,4352
TestUser4555,4351
TestUser4554,4350
TestUser2708,2299
TestUser2709,2300
TestUser4551,4347
TestUser4550,4346
TestUser4688,4498
TestUser993,5393
TestUser3831,3547
TestUser3830,3546
TestUser913,5305
TestUser3833,3549
TestUser787,5164
TestUser387,3589
TestUser386,3578
TestUser385,3567
TestUser3832,3548
TestUser383,3545
TestUser382,3534
TestUser381,3523
TestUser380,3512
TestUser3835,3551
TestUser389,3611
TestUser3834,3550
TestUser3787,3497
TestUser3819,3533
TestUser3818,3532
TestUser3521,3203
TestUser3786,3496
TestUser3813,3527
TestUser3812,3526
TestUser3811,3525
TestUser3520,3202
TestUser3817,3531
TestUser3816,3530
TestUser3815,3529
TestUser3814,3528
TestUser2810,2413
TestUser2811,2414
TestUser2812,2415
TestUser2813,2416
TestUser2814,2417
TestUser2815,2418
TestUser2816,2419
TestUser2817,2420
TestUser2818,2421
TestUser2819,2422
TestUser3932,3659
TestUser4732,4548
TestUser659,5022
TestUser658,5021
TestUser129,723
TestUser128,712
TestUser4731,4547
TestUser4934,4772
TestUser123,657
TestUser122,646
TestUser121,635
TestUser120,624
TestUser127,701
TestUser126,690
TestUser125,679
TestUser124,668
TestUser4148,3899
TestUser4149,3900
TestUser499,4833
TestUser498,4822
TestUser827,5209
TestUser3529,3211
TestUser756,5130
TestUser2056,1575
TestUser4140,3891
TestUser4141,3892
TestUser4142,3893
TestUser3528,3210
TestUser4144,3895
TestUser4145,3896
TestUser4146,3897
TestUser4147,3898
TestUser1473,927
TestUser1472,926
TestUser1471,925
TestUser1470,924
TestUser1477,931
TestUser1476,930
TestUser1475,929
TestUser1474,928
TestUser4386,4163
TestUser4387,4164
TestUser1479,933
TestUser1478,932
TestUser4382,4159
TestUser4383,4160
TestUser4380,4157
TestUser4381,4158
TestUser898,5287
TestUser2928,2543
TestUser2929,2544
TestUser2924,2539
TestUser2925,2540
TestUser2926,2541
TestUser2927,2542
TestUser2920,2535
TestUser2921,2536
TestUser2922,2537
TestUser2923,2538
TestUser4151,3903
TestUser4944,4783
TestUser4938,4776
TestUser1716,1197
TestUser1717,1198
TestUser1714,1195
TestUser1715,1196
TestUser1712,1193
TestUser1713,1194
TestUser1710,1191
TestUser1711,1192
TestUser725,5096
TestUser3141,2781
TestUser727,5098
TestUser726,5097
TestUser721,5092
TestUser720,5091
TestUser1718,1199
TestUser1719,1200
TestUser958,5354
TestUser428,4045
TestUser4098,3843
TestUser3584,3272
TestUser53,4879
TestUser4092,3837
TestUser4093,3838
TestUser4090,3835
TestUser4091,3836
TestUser4096,3841
TestUser4097,3842
TestUser4094,3839
TestUser3925,3651
TestUser959,5355
TestUser853,5238
TestUser3149,2789
TestUser3148,2788
TestUser2072,1593
TestUser2073,1594
TestUser2070,1591
TestUser2071,1592
TestUser2076,1597
TestUser2077,1598
TestUser2074,1595
TestUser2075,1596
TestUser517,4865
TestUser2078,1599
TestUser2079,1600
TestUser1662,1137
TestUser1663,1138
TestUser1660,1135
TestUser1661,1136
TestUser1666,1141
TestUser1667,1142
TestUser1664,1139
TestUser1665,1140
TestUser1668,1143
TestUser1669,1144
TestUser4682,4492
TestUser4892,4725
TestUser4893,4726
TestUser4890,4723
TestUser4891,4724
TestUser4896,4729
TestUser4897,4730
TestUser4894,4727
TestUser3298,2954
TestUser4898,4731
TestUser4899,4732
TestUser2388,1943
TestUser2389,1944
TestUser3253,2905
TestUser3159,2800
TestUser3255,2907
TestUser3254,2906
TestUser3257,2909
TestUser3256,2908
TestUser2380,1935
TestUser2381,1936
TestUser2382,1937
TestUser2383,1938
TestUser2384,1939
TestUser2385,1940
TestUser2386,1941
TestUser2387,1942
TestUser4445,4229
TestUser4166,3919
TestUser4167,3920
TestUser4515,4307
TestUser477,4589
TestUser4968,4809
TestUser4444,4228
TestUser4966,4807
TestUser4967,4808
TestUser4964,4805
TestUser4965,4806
TestUser4962,4803
TestUser4963,4804
TestUser4960,4801
TestUser4961,4802
TestUser4636,4441
TestUser4637,4442
TestUser4634,4439
TestUser4635,4440
TestUser4632,4437
TestUser4160,3913
TestUser4630,4435
TestUser2266,1808
TestUser98,5378
TestUser99,5389
TestUser723,5094
TestUser4161,3914
TestUser4638,4443
TestUser4639,4444
TestUser2494,2061
TestUser1451,903
TestUser2496,2063
TestUser2497,2064
TestUser2490,2057
TestUser2491,2058
TestUser2492,2059
TestUser1906,1408
TestUser422,3979
TestUser2498,2065
TestUser1453,905
TestUser1284,717
TestUser1285,718
TestUser1286,719
TestUser1287,720
TestUser1280,713
TestUser1281,714
TestUser1282,715
TestUser1283,716
TestUser2252,1793
TestUser1455,907
TestUser2250,1791
TestUser2251,1792
TestUser1288,721
TestUser1289,722
TestUser2254,1795
TestUser1454,906
TestUser4693,4504
TestUser1048,455
TestUser1049,456
TestUser1457,909
TestUser1042,449
TestUser1043,450
TestUser1040,447
TestUser1041,448
TestUser1046,453
TestUser1047,454
TestUser1044,451
TestUser1045,452
TestUser4750,4568
TestUser3997,3730
TestUser56,4912
TestUser3039,2667
TestUser3038,2666
TestUser4700,4513
TestUser4701,4514
TestUser4706,4519
TestUser4707,4520
TestUser4704,4517
TestUser420,3957
TestUser3031,2659
TestUser3030,2658
TestUser3033,2661
TestUser3032,2660
TestUser3035,2663
TestUser3034,2662
TestUser3037,2665
TestUser3036,2664
TestUser759,5133
TestUser3999,3732
TestUser4440,4224
TestUser906,5297
TestUser421,3968
TestUser978,5376
TestUser3716,3419
TestUser979,5377
TestUser4752,4570
TestUser4985,4828
TestUser4696,4507
TestUser4443,4227
TestUser974,5372
TestUser2669,2255
TestUser2668,2254
TestUser4418,4199
TestUser4419,4200
TestUser2663,2249
TestUser2662,2248
TestUser2661,2247
TestUser2660,2246
TestUser2667,2253
TestUser2666,2252
TestUser2665,2251
TestUser2664,2250
TestUser3725,3429
TestUser3724,3428
TestUser3727,3431
TestUser3726,3430
TestUser3721,3425
TestUser3720,3424
TestUser3723,3427
TestUser3722,3426
TestUser72,5090
TestUser4697,4508
TestUser70,5068
TestUser71,5079
TestUser3729,3433
TestUser3728,3432
TestUser74,5112
TestUser75,5123
TestUser3847,3564
TestUser829,5211
TestUser973,5371
TestUser260,2179
TestUser261,2190
TestUser262,2201
TestUser263,2212
TestUser264,2223
TestUser265,2234
TestUser266,2245
TestUser267,2256
TestUser268,2267
TestUser269,2278
TestUser4421,4203
TestUser1864,1361
TestUser1865,1362
TestUser1866,1363
TestUser1867,1364
TestUser1860,1357
TestUser1861,1358
TestUser1862,1359
TestUser1863,1360
TestUser3620,3313
TestUser3621,3314
TestUser3622,3315
TestUser3623,3316
TestUser1868,1365
TestUser1869,1366
TestUser3626,3319
TestUser3627,3320
TestUser2717,2309
TestUser2716,2308
TestUser2715,2307
TestUser2714,2306
TestUser2713,2305
TestUser2712,2304
TestUser2711,2303
TestUser2710,2302
TestUser4562,4359
TestUser3848,3565
TestUser4560,4357
TestUser4424,4206
TestUser4566,4363
TestUser425,4012
TestUser2719,2311
TestUser2718,2310
TestUser3344,3006
TestUser3836,3552
TestUser4756,4574
TestUser4429,4211
TestUser4428,4210
TestUser4568,4365
TestUser3341,3003
TestUser879,5266
TestUser3340,3002
TestUser4795,4617
TestUser394,3667
TestUser395,3678
TestUser396,3689
TestUser397,3700
TestUser390,3623
TestUser3839,3555
TestUser392,3645
TestUser393,3656
TestUser8,5178
TestUser4785,4606
TestUser398,3711
TestUser399,3722
TestUser3534,3217
TestUser3535,3218
TestUser3536,3219
TestUser3537,3220
TestUser3530,3213
TestUser3531,3214
TestUser3532,3215
TestUser3533,3216
TestUser3538,3221
TestUser3539,3222
TestUser3828,3543
TestUser3829,3544
TestUser2803,2405
TestUser2802,2404
TestUser2801,2403
TestUser2800,2402
TestUser2807,2409
TestUser2806,2408
TestUser2805,2407
TestUser2804,2406
TestUser6,4956
TestUser7,5067
TestUser2809,2411
TestUser2808,2410
TestUser2,1511
TestUser3,2622
TestUser468,4489
TestUser1,400
TestUser138,823
TestUser139,834
TestUser648,5010
TestUser649,5011
TestUser130,735
TestUser131,746
TestUser132,757
TestUser133,768
TestUser134,779
TestUser135,790
TestUser136,801
TestUser137,812
TestUser488,4711
TestUser372,3423
TestUser4159,3911
TestUser4158,3910
TestUser1918,1421
TestUser1919,1422
TestUser1448,899
TestUser1449,900
TestUser1446,897
TestUser1447,898
TestUser1916,1419
TestUser1445,896
TestUser1442,893
TestUser1443,894
TestUser1440,891
TestUser1441,892
TestUser4399,4177
TestUser4398,4176
TestUser4391,4169
TestUser4390,4168
TestUser4393,4171
TestUser4392,4170
TestUser4395,4173
TestUser4394,4172
TestUser4397,4175
TestUser373,3434
TestUser2939,2555
TestUser2938,2554
TestUser2937,2553
TestUser2936,2552
TestUser2935,2551
TestUser2934,2550
TestUser2933,2549
TestUser2932,2548
TestUser2931,2547
TestUser2930,2546
TestUser4791,4613
TestUser740,5113
TestUser370,3401
TestUser989,5388
TestUser1701,1181
TestUser1700,1180
TestUser1703,1183
TestUser1702,1182
TestUser1705,1185
TestUser1704,1184
TestUser1707,1187
TestUser1706,1186
TestUser1709,1189
TestUser1708,1188
TestUser738,5110
TestUser739,5111
TestUser925,5318
TestUser4790,4612
TestUser371,3412
TestUser581,4936
TestUser988,5387
TestUser4085,3829
TestUser4084,3828
TestUser4087,3831
TestUser4086,3830
TestUser4081,3825
TestUser4080,3824
TestUser4083,3827
TestUser4082,3826
TestUser4089,3833
TestUser4088,3832
TestUser530,4880
TestUser4793,4615
TestUser2069,1589
TestUser2068,1588
TestUser2065,1585
TestUser2064,1584
TestUser2067,1587
TestUser2066,1586
TestUser2061,1581
TestUser2060,1580
TestUser2063,1583
TestUser2062,1582
TestUser3905,3629
TestUser1679,1155
TestUser1678,1154
TestUser1675,1151
TestUser1674,1150
TestUser1677,1153
TestUser1676,1152
TestUser1671,1147
TestUser1670,1146
TestUser1673,1149
TestUser1672,1148
TestUser4792,4614
TestUser4889,4721
TestUser4888,4720
TestUser4885,4717
TestUser4884,4716
TestUser4887,4719
TestUser4886,4718
TestUser4881,4713
TestUser4880,4712
TestUser4883,4715
TestUser4882,4714
TestUser3904,3628
TestUser4062,3804
TestUser2399,1955
TestUser2398,1954
TestUser2393,1949
TestUser2392,1948
TestUser2391,1947
TestUser2390,1946
TestUser2397,1953
TestUser2396,1952
TestUser2395,1951
TestUser2394,1950
TestUser3655,3351
TestUser3654,3350
TestUser837,5220
TestUser4669,4477
TestUser3657,3353
TestUser4743,4560
TestUser599,4955
TestUser3656,3352
TestUser903,5294
TestUser948,5343
TestUser3651,3347
TestUser3906,3630
TestUser3650,3346
TestUser1956,1463
TestUser4978,4820
TestUser3653,3349
TestUser836,5219
TestUser4971,4813
TestUser4970,4812
TestUser4973,4815
TestUser3652,3348
TestUser4975,4817
TestUser4974,4816
TestUser4977,4819
TestUser4976,4818
TestUser4621,4425
TestUser4250,4013
TestUser4623,4427
TestUser4622,4426
TestUser4625,4429
TestUser4624,4428
TestUser4627,4431
TestUser4626,4430
TestUser4629,4433
TestUser4628,4432
TestUser89,5278
TestUser88,5267
TestUser2487,2053
TestUser2486,2052
TestUser2485,2051
TestUser2484,2050
TestUser2483,2049
TestUser2482,2048
TestUser2481,2047
TestUser2480,2046
TestUser4749,4566
TestUser2489,2055
TestUser2488,2054
TestUser1297,731
TestUser1296,730
TestUser1295,729
TestUser1294,728
TestUser1293,727
TestUser1292,726
TestUser1291,725
TestUser1290,724
TestUser4558,4354
TestUser2249,1789
TestUser2248,1788
TestUser1299,733
TestUser1298,732
TestUser1055,463
TestUser1054,462
TestUser1057,465
TestUser1056,464
TestUser1051,459
TestUser1050,458
TestUser1053,461
TestUser1052,460
TestUser1059,467
TestUser1058,466
TestUser4863,4693
TestUser4719,4533
TestUser4718,4532
TestUser4862,4692
TestUser4715,4529
TestUser4553,4349
TestUser4717,4531
TestUser3169,2811
TestUser4711,4525
TestUser4270,4035
TestUser4713,4527
TestUser4552,4348
TestUser2276,1819
TestUser4414,4195
TestUser828,5210
TestUser4867,4697
TestUser980,5379
TestUser4866,4696
TestUser3288,2943
TestUser3289,2944
TestUser4865,4695
TestUser3282,2937
TestUser3283,2938
TestUser3280,2935
TestUser3281,2936
TestUser3286,2941
TestUser3287,2942
TestUser3284,2939
TestUser3285,2940
TestUser2277,1820
TestUser4564,4361
TestUser812,5193
TestUser930,5324
TestUser849,5233
TestUser78,5156
TestUser539,4889
TestUser2270,1813
TestUser2656,2241
TestUser2657,2242
TestUser2654,2239
TestUser2655,2240
TestUser2652,2237
TestUser2653,2238
TestUser2650,2235
TestUser2651,2236
TestUser4401,4181
TestUser4400,4180
TestUser4403,4183
TestUser4402,4182
TestUser4405,4185
TestUser4404,4184
TestUser2658,2243
TestUser2659,2244
TestUser3750,3457
TestUser3751,3458
TestUser3752,3459
TestUser3753,3460
TestUser3754,3461
TestUser3755,3462
TestUser3756,3463
TestUser3757,3464
TestUser3758,3465
TestUser3759,3466
TestUser63,4990
TestUser4680,4490
TestUser65,5012
TestUser64,5001
TestUser67,5034
TestUser66,5023
TestUser3928,3654
TestUser3810,3524
TestUser255,2123
TestUser254,2112
TestUser257,2145
TestUser256,2134
TestUser251,2079
TestUser250,2068
TestUser253,2101
TestUser252,2090
TestUser2692,2281
TestUser259,2167
TestUser258,2156
TestUser1877,1375
TestUser1876,1374
TestUser1875,1373
TestUser1874,1372
TestUser1873,1371
TestUser1872,1370
TestUser1871,1369
TestUser1870,1368
TestUser3633,3327
TestUser3632,3326
TestUser3631,3325
TestUser3630,3324
TestUser3637,3331
TestUser3636,3330
TestUser1879,1377
TestUser1878,1376
TestUser2722,2315
TestUser2723,2316
TestUser2720,2313
TestUser2721,2314
TestUser2726,2319
TestUser2727,2320
TestUser2724,2317
TestUser2725,2318
TestUser2728,2321
TestUser2729,2322
TestUser4579,4377
TestUser4578,4376
TestUser3820,3535
TestUser931,5325
TestUser3527,3209
TestUser3526,3208
TestUser3525,3207
TestUser3524,3206
TestUser3523,3205
TestUser3522,3204
TestUser2838,2443
TestUser2839,2444
TestUser2836,2441
TestUser2837,2442
TestUser2834,2439
TestUser2835,2440
TestUser2832,2437
TestUser2833,2438
TestUser2830,2435
TestUser2831,2436
TestUser384,3556
TestUser2875,2484
TestUser109,501
TestUser108,490
TestUser3048,2677
TestUser105,457
TestUser104,446
TestUser107,479
TestUser106,468
TestUser101,413
TestUser100,402
TestUser103,435
TestUser102,424
TestUser1459,911
TestUser1458,910
TestUser4164,3917
TestUser4165,3918
TestUser4162,3915
TestUser4163,3916
TestUser1909,1411
TestUser1908,1410
TestUser1907,1409
TestUser1450,902
TestUser1905,1407
TestUser1904,1406
TestUser1903,1405
TestUser1902,1404
TestUser1901,1403
TestUser1900,1402
TestUser4364,4139
TestUser4365,4140
TestUser4366,4141
TestUser4367,4142
TestUser4360,4135
TestUser4361,4136
TestUser4362,4137
TestUser4363,4138
TestUser975,5373
TestUser469,4500
TestUser4368,4143
TestUser4369,4144
TestUser2908,2521
TestUser2909,2522
TestUser2902,2515
TestUser2903,2516
TestUser2900,2513
TestUser2901,2514
TestUser2906,2519
TestUser2907,2520
TestUser2904,2517
TestUser2905,2518
TestUser3422,3093
TestUser3423,3094
TestUser976,5374
TestUser747,5120
TestUser746,5119
TestUser745,5118
TestUser744,5117
TestUser743,5116
TestUser742,5115
TestUser741,5114
TestUser4789,4610
TestUser969,5366
TestUser749,5122
TestUser748,5121
TestUser826,5208
TestUser810,5191
TestUser3917,3642
TestUser4454,4239
TestUser824,5206
TestUser730,5102
TestUser76,5134
TestUser3428,3099
TestUser823,5205
TestUser2018,1533
TestUser2019,1534
TestUser3429,3100
TestUser585,4940
TestUser2010,1525
TestUser2011,1526
TestUser2012,1527
TestUser2013,1528
TestUser2014,1529
TestUser2015,1530
TestUser2016,1531
TestUser2017,1532
TestUser1608,1077
TestUser1609,1078
TestUser77,5145
TestUser1600,1069
TestUser1601,1070
TestUser1602,1071
TestUser1603,1072
TestUser1604,1073
TestUser1605,1074
TestUser1606,1075
TestUser1607,1076
TestUser471,4523
TestUser4919,4755
TestUser470,4512
TestUser4918,4754
TestUser3950,3679
TestUser3951,3680
TestUser4188,3943
TestUser4189,3944
TestUser4184,3939
TestUser4185,3940
TestUser4186,3941
TestUser4187,3942
TestUser4180,3935
TestUser4181,3936
TestUser4182,3937
TestUser4183,3938
TestUser678,5043
TestUser4690,4501
TestUser3954,3683
TestUser4691,4502
TestUser4355,4129
TestUser3955,3684
TestUser4692,4503
TestUser2124,1651
TestUser2125,1652
TestUser2126,1653
TestUser2127,1654
TestUser2120,1647
TestUser2121,1648
TestUser2122,1649
TestUser2123,1650
TestUser4694,4505
TestUser4574,4372
TestUser2128,1655
TestUser2129,1656
TestUser4695,4506
TestUser1114,529
TestUser1115,530
TestUser1116,531
TestUser1117,532
TestUser1110,525
TestUser1111,526
TestUser1112,527
TestUser1113,528
TestUser4640,4446
TestUser376,3467
TestUser734,5106
TestUser3168,2810
TestUser1118,533
TestUser1119,534
TestUser377,3478
TestUser4984,4827
TestUser4698,4509
TestUser4986,4829
TestUser4987,4830
TestUser4980,4823
TestUser374,3445
TestUser4982,4825
TestUser4699,4510
TestUser375,3456
TestUser4988,4831
TestUser3910,3635
TestUser933,5327
TestUser735,5107
TestUser4783,4604
TestUser38,3511
TestUser3585,3273
TestUser584,4939
TestUser39,3622
TestUser4631,4436
TestUser2230,1769
TestUser2231,1770
TestUser2232,1771
TestUser2233,1772
TestUser2234,1773
TestUser2235,1774
TestUser2236,1775
TestUser2237,1776
TestUser2238,1777
TestUser2239,1778
TestUser433,4101
TestUser1020,425
TestUser1021,426
TestUser1022,427
TestUser1023,428
TestUser1024,429
TestUser1025,430
TestUser1026,431
TestUser1027,432
TestUser1028,433
TestUser1029,434
TestUser653,5016
TestUser4768,4587
TestUser4769,4588
TestUser804,5184
TestUser652,5015
TestUser4760,4579
TestUser4761,4580
TestUser4762,4581
TestUser4763,4582
TestUser4764,4583
TestUser4765,4584
TestUser4766,4585
TestUser4767,4586
TestUser669,5033
TestUser3587,3275
TestUser654,5017
TestUser656,5019
TestUser3295,2951
TestUser3294,2950
TestUser3297,2953
TestUser3296,2952
TestUser2348,1899
TestUser2349,1900
TestUser3293,2949
TestUser3292,2948
TestUser2344,1895
TestUser2345,1896
TestUser2346,1897
TestUser2347,1898
TestUser2340,1891
TestUser2341,1892
TestUser2342,1893
TestUser2343,1894
TestUser1338,777
TestUser1339,778
TestUser1334,773
TestUser1335,774
TestUser1336,775
TestUser1337,776
TestUser1330,769
TestUser1331,770
TestUser1332,771
TestUser1333,772
TestUser967,5364
TestUser4827,4653
TestUser2641,2225
TestUser2640,2224
TestUser2643,2227
TestUser2642,2226
TestUser2645,2229
TestUser2644,2228
TestUser2647,2231
TestUser2646,2230
TestUser2649,2233
TestUser2648,2232
TestUser806,5186
TestUser807,5187
TestUser800,5180
TestUser491,4745
TestUser802,5182
TestUser803,5183
TestUser3743,3449
TestUser3742,3448
TestUser3741,3447
TestUser3740,3446
TestUser3747,3453
TestUser3746,3452
TestUser3745,3451
TestUser3744,3450
TestUser54,4890
TestUser497,4811
TestUser3749,3455
TestUser3748,3454
TestUser50,4845
TestUser51,4857
TestUser52,4868
TestUser3580,3268
TestUser587,4942
TestUser869,5255
TestUser495,4789
TestUser3502,3182
TestUser494,4778
TestUser935,5329
TestUser4981,4824
TestUser3988,3720
TestUser4983,4826
TestUser3583,3271
TestUser1842,1337
TestUser1843,1338
TestUser1840,1335
TestUser1841,1336
TestUser1846,1341
TestUser1847,1342
TestUser1844,1339
TestUser1845,1340
TestUser2735,2329
TestUser2734,2328
TestUser1848,1343
TestUser1849,1344
TestUser2731,2325
TestUser2730,2324
TestUser2733,2327
TestUser2732,2326
TestUser4500,4291
TestUser4501,4292
TestUser4502,4293
TestUser4503,4294
TestUser4504,4295
TestUser4388,4165
TestUser4506,4297
TestUser4507,4298
TestUser4508,4299
TestUser4509,4300
TestUser4389,4166
TestUser918,5310
TestUser4989,4832
TestUser4284,4050
TestUser528,4877
TestUser4384,4161
TestUser1598,1065
TestUser1599,1066
TestUser4385,4162
TestUser1590,1057
TestUser1591,1058
TestUser1592,1059
TestUser1593,1060
TestUser1594,1061
TestUser1595,1062
TestUser1596,1063
TestUser1597,1064
TestUser4526,4319
TestUser4024,3762
TestUser4173,3927
TestUser4029,3767
TestUser4527,4320
TestUser4028,3766
TestUser4524,4317
TestUser2829,2433
TestUser2828,2432
TestUser3510,3191
TestUser3511,3192
TestUser3516,3197
TestUser3517,3198
TestUser3514,3195
TestUser3515,3196
TestUser2821,2425
TestUser2820,2424
TestUser2823,2427
TestUser2822,2426
TestUser2825,2429
TestUser2824,2428
TestUser2827,2431
TestUser2826,2430
TestUser248,2045
TestUser249,2056
TestUser4520,4313
TestUser242,1979
TestUser243,1990
TestUser240,1957
TestUser241,1968
TestUser246,2023
TestUser247,2034
TestUser244,2001
TestUser245,2012
TestUser112,535
TestUser113,546
TestUser110,513
TestUser111,524
TestUser116,579
TestUser117,590
TestUser114,557
TestUser115,568
TestUser118,601
TestUser119,612
TestUser4447,4231
TestUser4171,3925
TestUser4170,3924
TestUser1938,1443
TestUser1939,1444
TestUser4175,3929
TestUser4174,3928
TestUser4177,3931
TestUser4176,3930
TestUser1932,1437
TestUser1933,1438
TestUser1930,1435
TestUser1931,1436
TestUser1936,1441
TestUser1937,1442
TestUser1934,1439
TestUser1935,1440
TestUser4377,4153
TestUser3202,2849
TestUser4375,4151
TestUser4216,3975
TestUser4373,4149
TestUser4372,4148
TestUser4371,4147
TestUser3203,2850
TestUser3959,3688
TestUser4442,4226
TestUser4379,4155
TestUser4378,4154
TestUser2915,2529
TestUser2914,2528
TestUser2917,2531
TestUser2916,2530
TestUser2911,2525
TestUser2910,2524
TestUser2913,2527
TestUser2912,2526
TestUser3996,3729
TestUser3206,2853
TestUser3994,3727
TestUser3995,3728
TestUser2919,2533
TestUser2918,2532
TestUser3990,3723
TestUser3991,3724
TestUser3589,3277
TestUser3717,3420
TestUser4449,4233
TestUser4214,3973
TestUser4448,4232
TestUser754,5128
TestUser755,5129
TestUser3933,3660
TestUser757,5131
TestUser750,5124
TestUser751,5125
TestUser752,5126
TestUser753,5127
TestUser966,5363
TestUser3924,3650
TestUser758,5132
TestUser3208,2855
TestUser3588,3276
TestUser3209,2856
TestUser4905,4740
TestUser965,5362
TestUser4462,4248
TestUser4211,3970
TestUser936,5330
TestUser2009,1523
TestUser2008,1522
TestUser2003,1517
TestUser2002,1516
TestUser2001,1515
TestUser2000,1514
TestUser2007,1521
TestUser2006,1520
TestUser2005,1519
TestUser2004,1518
TestUser1619,1089
TestUser1618,1088
TestUser964,5361
TestUser1613,1083
TestUser1612,1082
TestUser1611,1081
TestUser1610,1080
TestUser1617,1087
TestUser1616,1086
TestUser1615,1085
TestUser1614,1084
TestUser4548,4343
TestUser4455,4240
TestUser86,5245
TestUser963,5360
TestUser3929,3655
TestUser4199,3955
TestUser4198,3954
TestUser4197,3953
TestUser4196,3952
TestUser4195,3951
TestUser4194,3950
TestUser4193,3949
TestUser4192,3948
TestUser4191,3947
TestUser4190,3946
TestUser4549,4344
TestUser695,5062
TestUser2137,1665
TestUser2136,1664
TestUser2135,1663
TestUser2134,1662
TestUser2133,1661
TestUser2132,1660
TestUser2131,1659
TestUser2130,1658
TestUser556,4908
TestUser729,5100
TestUser2139,1667
TestUser2138,1666
TestUser1107,521
TestUser1106,520
TestUser1105,519
TestUser1104,518
TestUser1103,517
TestUser1102,516
TestUser1101,515
TestUser1100,514
TestUser3469,3144
TestUser1109,523
TestUser1108,522
TestUser4997,4841
TestUser4996,4840
TestUser4123,3872
TestUser4994,4838
TestUser4993,4837
TestUser4992,4836
TestUser4991,4835
TestUser4990,4834
TestUser728,5099
TestUser722,5093
TestUser4999,4843
TestUser4998,4842
TestUser3196,2841
TestUser3197,2842
TestUser3194,2839
TestUser3195,2840
TestUser3192,2837
TestUser3193,2838
TestUser3190,2835
TestUser3191,2836
TestUser960,5357
TestUser489,4722
TestUser3198,2843
TestUser3199,2844
TestUser3354,3017
TestUser3355,3018
TestUser3356,3019
TestUser3357,3020
TestUser3350,3013
TestUser3351,3014
TestUser3352,3015
TestUser3353,3016
TestUser938,5332
TestUser3358,3021
TestUser3359,3022
TestUser2223,1761
TestUser2222,1760
TestUser2221,1759
TestUser2220,1758
TestUser2227,1765
TestUser2226,1764
TestUser2225,1763
TestUser2224,1762
TestUser2229,1767
TestUser2228,1766
TestUser1033,439
TestUser1032,438
TestUser1031,437
TestUser1030,436
TestUser1037,443
TestUser1036,442
TestUser1035,441
TestUser1034,440
TestUser1039,445
TestUser1038,444
TestUser4950,4790
TestUser4779,4599
TestUser4778,4598
TestUser4773,4593
TestUser4772,4592
TestUser4771,4591
TestUser4770,4590
TestUser4777,4597
TestUser4776,4596
TestUser4775,4595
TestUser4774,4594
TestUser2858,2465
TestUser818,5199
TestUser3880,3601
TestUser4546,4341
TestUser448,4267
TestUser473,4545
TestUser3850,3568
TestUser2359,1911
TestUser2358,1910
TestUser2357,1909
TestUser2356,1908
TestUser2355,1907
TestUser2354,1906
TestUser2353,1905
TestUser2352,1904
TestUser2351,1903
TestUser2350,1902
TestUser724,5095
TestUser4099,3844
TestUser1329,767
TestUser1328,766
TestUser1327,765
TestUser1326,764
TestUser1325,763
TestUser1324,762
TestUser1323,761
TestUser1322,760
TestUser1321,759
TestUser1320,758
TestUser3901,3625
TestUser3922,3648
TestUser3900,3624
TestUser3903,3627
TestUser816,5197
TestUser831,5214
TestUser830,5213
TestUser833,5216
TestUser3902,3626
TestUser3606,3297
TestUser834,5217
TestUser3778,3487
TestUser3779,3488
TestUser3776,3485
TestUser3777,3486
TestUser3774,3483
TestUser3775,3484
TestUser3772,3481
TestUser3773,3482
TestUser3770,3479
TestUser3771,3480
TestUser43,4067
TestUser42,3956
TestUser41,3845
TestUser3921,3647
TestUser3178,2821
TestUser3179,2822
TestUser45,4289
TestUser44,4178
TestUser3174,2817
TestUser3175,2818
TestUser3176,2819
TestUser3177,2820
TestUser3170,2813
TestUser3171,2814
TestUser3172,2815
TestUser3173,2816
TestUser3607,3298
TestUser4095,3840
TestUser3920,3646
TestUser4600,4402
TestUser4231,3992
TestUser1859,1355
TestUser1858,1354
TestUser4804,4628
TestUser1855,1351
TestUser1854,1350
TestUser1857,1353
TestUser1856,1352
TestUser1851,1347
TestUser1850,1346
TestUser1853,1349
TestUser1852,1348
TestUser2748,2343
TestUser2749,2344
TestUser3613,3305
TestUser3612,3304
TestUser3615,3307
TestUser3614,3306
TestUser3617,3309
TestUser3616,3308
TestUser2740,2335
TestUser2741,2336
TestUser2742,2337
TestUser2743,2338
TestUser2744,2339
TestUser2745,2340
TestUser2746,2341
TestUser2747,2342
TestUser4513,4305
TestUser4512,4304
TestUser4511,4303
TestUser4510,4302
TestUser4517,4309
TestUser4516,4308
TestUser2588,2165
TestUser2589,2166
TestUser2586,2163
TestUser2587,2164
TestUser2584,2161
TestUser2585,2162
TestUser2582,2159
TestUser2583,2160
TestUser2580,2157
TestUser2581,2158
TestUser449,4278
TestUser4649,4455
TestUser2681,2269
TestUser4648,4454
TestUser3926,3652
TestUser2680,2268
TestUser343,3101
TestUser342,3090
TestUser1589,1055
TestUser1588,1054
TestUser347,3145
TestUser346,3134
TestUser345,3123
TestUser344,3112
TestUser1583,1049
TestUser1582,1048
TestUser1581,1047
TestUser1580,1046
TestUser1587,1053
TestUser1586,1052
TestUser1585,1051
TestUser1584,1050
TestUser919,5311
TestUser3509,3189
TestUser3508,3188
TestUser3505,3185
TestUser3291,2947
TestUser3507,3187
TestUser3506,3186
TestUser3501,3181
TestUser3500,3180
TestUser3503,3183
TestUser3290,2946
TestUser388,3600
TestUser811,5192
TestUser4209,3967
TestUser4208,3966
TestUser4207,3965
TestUser2689,2277
TestUser3603,3294
TestUser4204,3962
TestUser4203,3961
TestUser4202,3960
TestUser4201,3959
TestUser2688,2276
TestUser2698,2287
TestUser2699,2288
TestUser239,1945
TestUser238,1934
TestUser237,1923
TestUser236,1912
TestUser235,1901
TestUser234,1890
TestUser233,1879
TestUser232,1868
TestUser231,1857
TestUser230,1846
TestUser167,1145
TestUser166,1134
TestUser165,1123
TestUser164,1112
TestUser163,1101
TestUser162,1090
TestUser161,1079
TestUser160,1068
TestUser3299,2955
TestUser529,4878
TestUser3882,3603
TestUser169,1167
TestUser168,1156
TestUser1925,1429
TestUser1924,1428
TestUser1927,1431
TestUser1926,1430
TestUser1921,1425
TestUser1920,1424
TestUser1923,1427
TestUser1922,1426
TestUser3884,3605
TestUser1929,1433
TestUser1928,1432
TestUser2851,2458
TestUser4342,4115
TestUser3618,3310
TestUser4340,4113
TestUser4341,4114
TestUser4346,4119
TestUser3886,3607
TestUser4344,4117
TestUser4345,4118
TestUser691,5058
TestUser4348,4121
TestUser3887,3608
TestUser857,5242
TestUser2960,2579
TestUser2961,2580
TestUser2962,2581
TestUser2963,2582
TestUser2964,2583
TestUser2965,2584
TestUser2966,2585
TestUser2967,2586
TestUser2968,2587
TestUser2969,2588
TestUser3983,3715
TestUser3982,3714
TestUser3985,3717
TestUser3984,3716
TestUser3987,3719
TestUser3986,3718
TestUser769,5144
TestUser768,5143
TestUser4979,4821
TestUser761,5136
TestUser760,5135
TestUser763,5138
TestUser762,5137
TestUser765,5140
TestUser764,5139
TestUser767,5142
TestUser766,5141
TestUser569,4922
TestUser568,4921
TestUser563,4916
TestUser562,4915
TestUser561,4914
TestUser560,4913
TestUser567,4920
TestUser566,4919
TestUser565,4918
TestUser564,4917
TestUser1482,937
TestUser1483,938
TestUser912,5304
TestUser3855,3573
TestUser3937,3664
TestUser1480,935
TestUser4412,4193
TestUser1481,936
TestUser1486,941
TestUser4121,3870
TestUser1487,942
TestUser2036,1553
TestUser2037,1554
TestUser2034,1551
TestUser2035,1552
TestUser2032,1549
TestUser2033,1550
TestUser2030,1547
TestUser2031,1548
TestUser1485,940
TestUser961,5358
TestUser2038,1555
TestUser2039,1556
TestUser1626,1097
TestUser1627,1098
TestUser1624,1095
TestUser1625,1096
TestUser1622,1093
TestUser1623,1094
TestUser1620,1091
TestUser1621,1092
TestUser4357,4131
TestUser1628,1099
TestUser1629,1100
TestUser4356,4130
TestUser910,5302
TestUser3890,3612
TestUser3372,3037
TestUser4319,4089
TestUser4058,3799
TestUser4059,3800
TestUser4932,4770
TestUser3398,3065
TestUser911,5303
TestUser4838,4665
TestUser4839,4666
TestUser4834,4661
TestUser4835,4662
TestUser4836,4663
TestUser4837,4664
TestUser4830,4657
TestUser4831,4658
TestUser4832,4659
TestUser4833,4660
TestUser2102,1627
TestUser2103,1628
TestUser2100,1625
TestUser2101,1626
TestUser2106,1631
TestUser2107,1632
TestUser2104,1629
TestUser2105,1630
TestUser2108,1633
TestUser2109,1634
TestUser1132,549
TestUser1133,550
TestUser1130,547
TestUser1131,548
TestUser1136,553
TestUser1137,554
TestUser1134,551
TestUser1135,552
TestUser1138,555
TestUser1139,556
TestUser3874,3594
TestUser808,5188
TestUser4215,3974
TestUser4056,3797
TestUser917,5309
TestUser809,5189
TestUser3181,2825
TestUser3180,2824
TestUser3183,2827
TestUser3182,2826
TestUser3185,2829
TestUser3184,2828
TestUser3187,2831
TestUser3186,2830
TestUser3189,2833
TestUser3188,2832
TestUser3870,3590
TestUser3347,3009
TestUser3346,3008
TestUser3345,3007
TestUser3252,2904
TestUser3343,3005
TestUser3342,3004
TestUser2218,1755
TestUser2219,1756
TestUser2216,1753
TestUser2217,1754
TestUser2214,1751
TestUser2215,1752
TestUser2212,1749
TestUser2213,1750
TestUser2210,1747
TestUser2211,1748
TestUser3974,3705
TestUser1008,411
TestUser1009,412
TestUser1006,409
TestUser1007,410
TestUser1004,407
TestUser1005,408
TestUser1002,405
TestUser1003,406
TestUser1000,403
TestUser1001,404
TestUser3259,2911
TestUser2879,2488
TestUser3258,2910
TestUser3970,3701
TestUser915,5307
TestUser3971,3702
TestUser4746,4563
TestUser4747,4564
TestUser4744,4561
TestUser4745,4562
TestUser4742,4559
TestUser3972,3703
TestUser4740,4557
TestUser4741,4558
TestUser3973,3704
TestUser460,4401
TestUser4748,4565
TestUser4702,4515
TestUser457,4367
TestUser4055,3796
TestUser2873,2482
TestUser58,4934
TestUser455,4345
TestUser59,4945
TestUser2368,1921
TestUser2369,1922
TestUser2362,1915
TestUser2363,1916
TestUser2360,1913
TestUser2361,1914
TestUser2366,1919
TestUser2367,1920
TestUser2364,1917
TestUser2365,1918
TestUser1318,755
TestUser1319,756
TestUser451,4301
TestUser55,4901
TestUser1312,749
TestUser1313,750
TestUser1310,747
TestUser1311,748
TestUser1316,753
TestUser1317,754
TestUser1314,751
TestUser1315,752
TestUser545,4896
TestUser57,4923
TestUser4303,4072
TestUser4169,3922
TestUser3769,3477
TestUser3768,3476
TestUser4053,3794
TestUser825,5207
TestUser822,5204
TestUser3930,3657
TestUser820,5202
TestUser821,5203
TestUser3761,3469
TestUser3760,3468
TestUser3763,3471
TestUser3762,3470
TestUser3765,3473
TestUser3764,3472
TestUser3767,3475
TestUser3766,3474
TestUser36,3289
TestUser37,3400
TestUser34,3067
TestUser35,3178
TestUser32,2845
TestUser33,2956
TestUser30,2623
TestUser31,2734
TestUser3167,2809
TestUser3166,2808
TestUser3165,2807
TestUser3164,2806
TestUser3163,2805
TestUser3162,2804
TestUser3161,2803
TestUser3160,2802
TestUser3931,3658
TestUser862,5248
TestUser4809,4633
TestUser863,5249
TestUser5,4844
TestUser1828,1321
TestUser1829,1322
TestUser775,5151
TestUser1820,1313
TestUser1821,1314
TestUser1822,1315
TestUser1823,1316
TestUser1824,1317
TestUser1825,1318
TestUser1826,1319
TestUser1827,1320
TestUser2759,2355
TestUser2758,2354
TestUser4528,4321
TestUser4529,4322
TestUser2753,2349
TestUser2752,2348
TestUser2751,2347
TestUser2750,2346
TestUser2757,2353
TestUser2756,2352
TestUser2755,2351
TestUser2754,2350
TestUser2599,2177
TestUser2598,2176
TestUser579,4933
TestUser2591,2169
TestUser2590,2168
TestUser2593,2171
TestUser2592,2170
TestUser2595,2173
TestUser2594,2172
TestUser2597,2175
TestUser2596,2174
TestUser854,5239
TestUser861,5247
TestUser4463,4249
TestUser350,3179
TestUser351,3190
TestUser352,3201
TestUser353,3212
TestUser354,3223
TestUser355,3234
TestUser356,3245
TestUser357,3256
TestUser358,3267
TestUser359,3278
TestUser3934,3661
TestUser3578,3265
TestUser3579,3266
TestUser693,5060
TestUser540,4891
TestUser3570,3257
TestUser3571,3258
TestUser3572,3259
TestUser3573,3260
TestUser3574,3261
TestUser3575,3262
TestUser3576,3263
TestUser3577,3264
TestUser4238,3999
TestUser4239,4000
TestUser3907,3631
TestUser4232,3993
TestUser4233,3994
TestUser4230,3991
TestUser3935,3662
TestUser4236,3997
TestUser4237,3998
TestUser4234,3995
TestUser4235,3996
TestUser2685,2273
TestUser2684,2272
TestUser2687,2275
TestUser2686,2274
TestUser228,1823
TestUser229,1834
TestUser2683,2271
TestUser2682,2270
TestUser224,1779
TestUser225,1790
TestUser226,1801
TestUser227,1812
TestUser220,1735
TestUser221,1746
TestUser222,1757
TestUser223,1768
TestUser174,1223
TestUser175,1234
TestUser176,1245
TestUser177,1256
TestUser170,1179
TestUser171,1190
TestUser172,1201
TestUser173,1212
TestUser3888,3609
TestUser3889,3610
TestUser4969,4810
TestUser178,1267
TestUser179,1278
TestUser4758,4576
TestUser1950,1457
TestUser1951,1458
TestUser1952,1459
TestUser1953,1460
TestUser1954,1461
TestUser1955,1462
TestUser1484,939
TestUser1957,1464
TestUser1958,1465
TestUser1959,1466
TestUser1488,943
TestUser1489,944
TestUser4351,4125
TestUser4350,4124
TestUser4353,4127
TestUser4127,3876
TestUser3404,3073
TestUser3405,3074
TestUser3406,3075
TestUser3407,3076
TestUser3400,3069
TestUser3401,3070
TestUser3402,3071
TestUser3403,3072
TestUser4125,3874
TestUser3408,3077
TestUser3409,3078
TestUser2973,2593
TestUser2972,2592
TestUser2971,2591
TestUser2970,2590
TestUser2977,2597
TestUser2976,2596
TestUser2975,2595
TestUser2974,2594
TestUser2739,2333
TestUser2979,2599
TestUser2978,2598
TestUser2493,2060
TestUser3979,3710
TestUser598,4954
TestUser2738,2332
TestUser90,5290
TestUser4679,4488
TestUser3600,3291
TestUser778,5154
TestUser779,5155
TestUser776,5152
TestUser777,5153
TestUser774,5150
TestUser3601,3292
TestUser772,5148
TestUser773,5149
TestUser770,5146
TestUser771,5147
TestUser578,4932
TestUser4261,4025
TestUser93,5323
TestUser570,4924
TestUser571,4925
TestUser572,4926
TestUser573,4927
TestUser574,4928
TestUser2737,2331
TestUser576,4930
TestUser4633,4438
TestUser2736,2330
TestUser1558,1021
TestUser1559,1022
TestUser1554,1017
TestUser1555,1018
TestUser1556,1019
TestUser1557,1020
TestUser1550,1013
TestUser1551,1014
TestUser1552,1015
TestUser1553,1016
TestUser3663,3360
TestUser688,5054
TestUser689,5055
TestUser3608,3299
TestUser682,5048
TestUser683,5049
TestUser680,5046
TestUser3609,3300
TestUser686,5052
TestUser687,5053
TestUser684,5050
TestUser4032,3771
TestUser2021,1537
TestUser2020,1536
TestUser2023,1539
TestUser2022,1538
TestUser2025,1541
TestUser2024,1540
TestUser2027,1543
TestUser2026,1542
TestUser2029,1545
TestUser2028,1544
TestUser932,5326
TestUser1631,1103
TestUser1630,1102
TestUser1633,1105
TestUser1632,1104
TestUser1635,1107
TestUser1634,1106
TestUser1637,1109
TestUser1636,1108
TestUser1639,1111
TestUser1638,1110
TestUser4505,4296
TestUser681,5047
TestUser4469,4255
TestUser2495,2062
TestUser4468,4254
TestUser588,4943
TestUser939,5333
TestUser685,5051
TestUser2119,1645
TestUser2118,1644
TestUser4829,4655
TestUser4828,4654
TestUser2115,1641
TestUser2114,1640
TestUser2117,1643
TestUser2116,1642
TestUser2111,1637
TestUser2110,1636
TestUser2113,1639
TestUser2112,1638
TestUser923,5316
TestUser1129,545
TestUser1128,544
TestUser1125,541
TestUser1124,540
TestUser1127,543
TestUser1126,542
TestUser1121,537
TestUser1120,536
TestUser1123,539
TestUser1122,538
TestUser4153,3905
TestUser4461,4247
TestUser597,4953
TestUser2499,2066
TestUser4953,4793
TestUser3383,3049
TestUser4152,3904
TestUser3382,3048
TestUser2258,1799
TestUser4396,4174
TestUser2209,1745
TestUser2208,1744
TestUser3370,3035
TestUser2259,1800
TestUser3376,3041
TestUser3377,3042
TestUser3374,3039
TestUser3375,3040
TestUser2201,1737
TestUser2200,1736
TestUser2203,1739
TestUser2202,1738
TestUser2205,1741
TestUser2204,1740
TestUser2207,1743
TestUser2206,1742
TestUser1019,423
TestUser1018,422
TestUser3385,3051
TestUser4686,4496
TestUser1011,415
TestUser1010,414
TestUser1013,417
TestUser1012,416
TestUser1015,419
TestUser1014,418
TestUser1017,421
TestUser1016,420
TestUser4951,4791
TestUser600,4958
TestUser2253,1794
TestUser3389,3055
TestUser4150,3902
TestUser3088,2721
TestUser3089,2722
TestUser4753,4571
TestUser3388,3054
TestUser4755,4573
TestUser4754,4572
TestUser4757,4575
TestUser434,4112
TestUser3080,2713
TestUser2256,1797
TestUser3082,2715
TestUser3083,2716
TestUser3084,2717
TestUser3085,2718
TestUser3086,2719
TestUser2257,1798
TestUser703,5072
TestUser436,4134
TestUser702,5071
TestUser431,4079
TestUser2255,1796
TestUser4157,3909
TestUser701,5070
TestUser3872,3592
TestUser2375,1929
TestUser2374,1928
TestUser2377,1931
TestUser2376,1930
TestUser2371,1925
TestUser2370,1924
TestUser2373,1927
TestUser2372,1926
TestUser707,5076
TestUser432,4090
TestUser2379,1933
TestUser2378,1932
TestUser706,5075
TestUser1305,741
TestUser1304,740
TestUser1307,743
TestUser1306,742
TestUser1301,737
TestUser1300,736
TestUser1303,739
TestUser1302,738
TestUser4156,3908
TestUser3485,3162
TestUser1309,745
TestUser1308,744
TestUser3789,3499
TestUser3794,3505
TestUser3795,3506
TestUser3796,3507
TestUser3797,3508
TestUser3790,3501
TestUser3791,3502
TestUser3792,3503
TestUser3793,3504
TestUser4155,3907
TestUser3788,3498
TestUser3799,3510
TestUser25,2067
TestUser24,1956
TestUser27,2289
TestUser26,2178
TestUser21,1623
TestUser20,1512
TestUser23,1845
TestUser22,1734
TestUser3152,2793
TestUser3153,2794
TestUser3150,2791
TestUser3151,2792
TestUser29,2511
TestUser28,2400
TestUser3154,2795
TestUser3155,2796
TestUser4309,4078
TestUser4154,3906
TestUser1839,1333
TestUser1838,1332
TestUser4218,3977
TestUser1833,1327
TestUser1832,1326
TestUser1831,1325
TestUser1830,1324
TestUser1837,1331
TestUser1836,1330
TestUser1835,1329
TestUser1834,1328
TestUser2766,2363
TestUser2767,2364
TestUser2764,2361
TestUser2765,2362
TestUser2762,2359
TestUser2763,2360
TestUser2760,2357
TestUser2761,2358
TestUser3977,3708
TestUser4530,4324
TestUser4533,4327
TestUser4532,4326
TestUser4535,4329
TestUser4534,4328
TestUser2768,2365
TestUser2769,2366
TestUser2564,2139
TestUser2565,2140
TestUser2566,2141
TestUser2567,2142
TestUser2560,2135
TestUser2561,2136
TestUser2562,2137
TestUser2563,2138
TestUser2568,2143
TestUser2569,2144
TestUser3628,3321
TestUser865,5251
TestUser3411,3081
TestUser921,5314
TestUser901,5292
TestUser365,3345
TestUser3512,3193
TestUser367,3367
TestUser366,3356
TestUser361,3301
TestUser360,3290
TestUser363,3323
TestUser3513,3194
TestUser700,5069
TestUser369,3389
TestUser368,3378
TestUser3629,3322
TestUser3569,3255
TestUser3568,3254
TestUser3563,3249
TestUser3562,3248
TestUser3561,3247
TestUser3560,3246
TestUser3567,3253
TestUser3566,3252
TestUser3565,3251
TestUser3564,3250
TestUser4225,3985
TestUser4224,3984
TestUser4227,3987
TestUser4226,3986
TestUser4221,3981
TestUser4220,3980
TestUser4223,3983
TestUser4222,3982
TestUser875,5262
TestUser4057,3798
TestUser4229,3989
TestUser4228,3988
TestUser211,1635
TestUser210,1624
TestUser213,1657
TestUser212,1646
TestUser215,1679
TestUser214,1668
TestUser217,1701
TestUser216,1690
TestUser219,1723
TestUser218,1712
TestUser4685,4495
TestUser3518,3199
TestUser3893,3615
TestUser3892,3614
TestUser3891,3613
TestUser3519,3200
TestUser1499,955
TestUser1498,954
TestUser3895,3617
TestUser3894,3616
TestUser1495,951
TestUser1494,950
TestUser1497,953
TestUser1496,952
TestUser1491,947
TestUser1490,946
TestUser1493,949
TestUser1492,948
TestUser1943,1449
TestUser1942,1448
TestUser1941,1447
TestUser1940,1446
TestUser1947,1453
TestUser1946,1452
TestUser1945,1451
TestUser1944,1450
TestUser4320,4091
TestUser4321,4092
TestUser1949,1455
TestUser1948,1454
TestUser4324,4095
TestUser4325,4096
TestUser4326,4097
TestUser4327,4098
TestUser3417,3087
TestUser3416,3086
TestUser3373,3038
TestUser3414,3084
TestUser3413,3083
TestUser3412,3082
TestUser2948,2565
TestUser2949,2566
TestUser2946,2563
TestUser2947,2564
TestUser2944,2561
TestUser2945,2562
TestUser2942,2559
TestUser2943,2560
TestUser2940,2557
TestUser2941,2558
TestUser3967,3697
TestUser3966,3696
TestUser3965,3695
TestUser3964,3694
TestUser2788,2387
TestUser2789,2388
TestUser3961,3691
TestUser3960,3690
TestUser2784,2383
TestUser2785,2384
TestUser2786,2385
TestUser2787,2386
TestUser2780,2379
TestUser2781,2380
TestUser2782,2381
TestUser2783,2382
TestUser577,4931
TestUser782,5159
TestUser704,5073
TestUser4824,4650
TestUser4860,4690
TestUser786,5163
TestUser785,5162
TestUser784,5161
TestUser4823,4649
TestUser789,5166
TestUser788,5165
TestUser4822,4648
TestUser985,5384
TestUser549,4900
TestUser4821,4647
TestUser984,5383
TestUser4957,4797
TestUser544,4895
TestUser547,4898
TestUser4820,4646
TestUser541,4892
TestUser4557,4353
TestUser543,4894
TestUser542,4893
TestUser4034,3773
TestUser2054,1573
TestUser4036,3775
TestUser4037,3776
TestUser4030,3769
TestUser3136,2775
TestUser1549,1011
TestUser1548,1010
TestUser1547,1009
TestUser1546,1008
TestUser1545,1007
TestUser1544,1006
TestUser1543,1005
TestUser1542,1004
TestUser1541,1003
TestUser1540,1002
TestUser149,945
TestUser148,934
TestUser3605,3296
TestUser2057,1576
TestUser983,5382
TestUser1913,1416
TestUser3139,2778
TestUser141,857
TestUser1082,493
TestUser143,879
TestUser142,868
TestUser145,901
TestUser144,890
TestUser147,923
TestUser146,912
TestUser1080,491
TestUser1081,492
TestUser3806,3519
TestUser992,5392
TestUser874,5261
TestUser480,4623
TestUser952,5348
TestUser877,5264
TestUser4864,4694
TestUser503,4850
TestUser2168,1699
TestUser2169,1700
TestUser481,4634
TestUser4819,4644
TestUser2160,1691
TestUser2161,1692
TestUser2162,1693
TestUser2163,1694
TestUser2164,1695
TestUser2165,1696
TestUser2166,1697
TestUser2167,1698
TestUser1158,577
TestUser1159,578
TestUser412,3868
TestUser1150,569
TestUser1151,570
TestUser1152,571
TestUser1153,572
TestUser1154,573
TestUser1155,574
TestUser1156,575
TestUser1157,576
TestUser482,4645
TestUser1798,1287
TestUser1799,1288
TestUser1796,1285
TestUser1797,1286
TestUser1794,1283
TestUser1795,1284
TestUser1792,1281
TestUser1793,1282
TestUser1790,1279
TestUser1791,1280
TestUser914,5306
TestUser4172,3926
TestUser871,5258
TestUser483,4656
TestUser630,4991
TestUser3369,3033
TestUser3368,3032
TestUser841,5225
TestUser3365,3029
TestUser3364,3028
TestUser3367,3031
TestUser3366,3030
TestUser3361,3025
TestUser3360,3024
TestUser3363,3027
TestUser3362,3026
TestUser4179,3933
TestUser870,5257
TestUser4178,3932
TestUser3624,3317
TestUser484,4667
TestUser4794,4616
TestUser4940,4779
TestUser490,4734
TestUser3897,3619
TestUser873,5260
TestUser3625,3318
TestUser485,4678
TestUser4941,4780
TestUser3099,2733
TestUser3098,2732
TestUser3896,3618
TestUser4376,4152
TestUser3093,2727
TestUser3092,2726
TestUser3091,2725
TestUser3090,2724
TestUser3097,2731
TestUser3096,2730
TestUser3095,2729
TestUser3094,2728
TestUser4374,4150
TestUser4559,4355
TestUser486,4689
TestUser4942,4781
TestUser2300,1847
TestUser2301,1848
TestUser2302,1849
TestUser2303,1850
TestUser2304,1851
TestUser2305,1852
TestUser2306,1853
TestUser2307,1854
TestUser2308,1855
TestUser2309,1856
TestUser4370,4146
TestUser4143,3894
TestUser868,5254
TestUser1370,813
TestUser1371,814
TestUser1372,815
TestUser1373,816
TestUser1374,817
TestUser1375,818
TestUser1376,819
TestUser1377,820
TestUser1378,821
TestUser1379,822
TestUser4943,4782
TestUser944,5339
TestUser926,5319
TestUser947,5342
TestUser692,5059
TestUser18,1289
TestUser19,1400
TestUser3785,3495
TestUser3784,3494
TestUser3783,3493
TestUser3782,3492
TestUser3781,3491
TestUser3780,3490
TestUser10,401
TestUser11,512
TestUser12,623
TestUser13,734
TestUser14,845
TestUser15,956
TestUser16,1067
TestUser17,1178
TestUser3145,2785
TestUser3144,2784
TestUser3147,2787
TestUser3146,2786
TestUser2418,1977
TestUser2419,1978
TestUser3143,2783
TestUser3142,2782
TestUser2414,1973
TestUser2415,1974
TestUser2416,1975
TestUser2417,1976
TestUser2410,1969
TestUser2411,1970
TestUser2412,1971
TestUser2413,1972
TestUser3586,3274
TestUser1208,633
TestUser1209,634
TestUser1204,629
TestUser1205,630
TestUser1206,631
TestUser1207,632
TestUser1200,625
TestUser1201,626
TestUser1202,627
TestUser1203,628
TestUser1806,1297
TestUser1807,1298
TestUser1804,1295
TestUser1805,1296
TestUser1802,1293
TestUser1803,1294
TestUser1800,1291
TestUser1801,1292
TestUser4703,4516
TestUser3582,3270
TestUser4797,4619
TestUser1808,1299
TestUser1809,1300
TestUser2771,2369
TestUser2770,2368
TestUser2773,2371
TestUser2772,2370
TestUser2775,2373
TestUser2774,2372
TestUser2777,2375
TestUser2776,2374
TestUser2779,2377
TestUser2778,2376
TestUser3899,3621
TestUser977,5375
TestUser970,5368
TestUser971,5369
TestUser972,5370
TestUser3049,2678
TestUser2577,2153
TestUser2576,2152
TestUser2575,2151
TestUser2574,2150
TestUser2573,2149
TestUser2572,2148
TestUser2571,2147
TestUser2570,2146
TestUser4782,4603
TestUser2850,2457
TestUser4780,4601
TestUser4781,4602
TestUser4786,4607
TestUser4787,4608
TestUser2579,2155
TestUser2578,2154
TestUser3371,3036
TestUser4947,4786
TestUser3859,3577
TestUser3504,3184
TestUser73,5101
TestUser3251,2903
TestUser3046,2675
TestUser3047,2676
TestUser872,5259
TestUser4799,4621
TestUser4798,4620
TestUser3556,3241
TestUser3557,3242
TestUser3554,3239
TestUser3555,3240
TestUser3552,3237
TestUser3553,3238
TestUser3550,3235
TestUser3551,3236
TestUser3378,3043
TestUser3558,3243
TestUser3559,3244
TestUser2055,1574
TestUser4251,4014
TestUser4252,4015
TestUser3379,3044
TestUser4254,4017
TestUser4255,4018
TestUser4256,4019
TestUser4257,4020
TestUser4258,4021
TestUser4259,4022
TestUser934,5328
TestUser962,5359
TestUser206,1579
TestUser207,1590
TestUser204,1557
TestUser205,1568
TestUser202,1535
TestUser203,1546
TestUser200,1513
TestUser201,1524
TestUser4288,4054
TestUser208,1601
TestUser209,1612
TestUser690,5057
TestUser1978,1487
TestUser1979,1488
TestUser1976,1485
TestUser1977,1486
TestUser1974,1483
TestUser1975,1484
TestUser1972,1481
TestUser1973,1482
TestUser1970,1479
TestUser1971,1480
TestUser4339,4111
TestUser4338,4110
TestUser4333,4105
TestUser4332,4104
TestUser4331,4103
TestUser4330,4102
TestUser4337,4109
TestUser4336,4108
TestUser4335,4107
TestUser4334,4106
TestUser2959,2577
TestUser2958,2576
TestUser3420,3091
TestUser3421,3092
TestUser3426,3097
TestUser3427,3098
TestUser3424,3095
TestUser3425,3096
TestUser2951,2569
TestUser2950,2568
TestUser2953,2571
TestUser2952,2570
TestUser2955,2573
TestUser2954,2572
TestUser2957,2575
TestUser2956,2574
TestUser3952,3681
TestUser3953,3682
TestUser378,3489
TestUser379,3500
TestUser3956,3685
TestUser3957,3686
TestUser2799,2399
TestUser2798,2398
TestUser2797,2397
TestUser2796,2396
TestUser2795,2395
TestUser2794,2394
TestUser2793,2393
TestUser2792,2392
TestUser2791,2391
TestUser2790,2390
TestUser790,5168
TestUser791,5169
TestUser792,5170
TestUser793,5171
TestUser794,5172
TestUser795,5173
TestUser796,5174
TestUser797,5175
TestUser798,5176
TestUser799,5177
TestUser4328,4099
TestUser552,4904
TestUser553,4905
TestUser550,4902
TestUser551,4903
TestUser4872,4703
TestUser557,4909
TestUser554,4906
TestUser555,4907
TestUser2051,1570
TestUser558,4910
TestUser559,4911
TestUser4027,3765
TestUser4026,3764
TestUser1578,1043
TestUser1579,1044
TestUser4023,3761
TestUser4022,3760
TestUser4021,3759
TestUser4020,3758
TestUser1572,1037
TestUser1573,1038
TestUser1570,1035
TestUser1571,1036
TestUser1576,1041
TestUser1577,1042
TestUser1574,1039
TestUser1575,1040
TestUser4538,4332
TestUser158,1045
TestUser159,1056
TestUser156,1023
TestUser157,1034
TestUser154,1001
TestUser155,1012
TestUser152,979
TestUser153,990
TestUser150,957
TestUser151,968
TestUser4874,4705
TestUser4708,4521
TestUser3837,3553
TestUser3541,3225
TestUser4672,4481
TestUser4102,3849
TestUser3540,3224
TestUser4103,3850
TestUser4875,4706
TestUser3869,3588
TestUser4709,4522
TestUser4673,4482
TestUser4751,4569
TestUser2179,1711
TestUser2178,1710
TestUser4801,4625
TestUser4800,4624
TestUser4803,4627
TestUser4619,4422
TestUser2173,1705
TestUser2172,1704
TestUser2171,1703
TestUser2170,1702
TestUser2177,1709
TestUser2176,1708
TestUser2175,1707
TestUser2174,1706
TestUser3549,3233
TestUser1149,567
TestUser1148,566
TestUser3548,3232
TestUser1143,561
TestUser1142,560
TestUser1141,559
TestUser1140,558
TestUser1147,565
TestUser1146,564
TestUser1145,563
TestUser1144,562
TestUser1789,1277
TestUser1788,1276
TestUser842,5226
TestUser1781,1269
TestUser1780,1268
TestUser1783,1271
TestUser1782,1270
TestUser1785,1273
TestUser1784,1272
TestUser1787,1275
TestUser1786,1274
TestUser492,4756
TestUser4759,4577
TestUser916,5308
TestUser3081,2714
TestUser3881,3602
TestUser4407,4187
TestUser3318,2977
TestUser3319,2978
TestUser843,5227
TestUser3310,2969
TestUser3311,2970
TestUser3312,2971
TestUser3313,2972
TestUser3314,2973
TestUser3315,2974
TestUser3316,2975
TestUser3317,2976
TestUser4569,4366
TestUser3087,2720
TestUser844,5228
TestUser4726,4541
TestUser4641,4447
TestUser4051,3792
TestUser3883,3604
TestUser4563,4360
TestUser91,5301
TestUser845,5229
TestUser4561,4358
TestUser3858,3576
TestUser4567,4364
TestUser3224,2873
TestUser3225,2874
TestUser3226,2875
TestUser3227,2876
TestUser3220,2869
TestUser3221,2870
TestUser3222,2871
TestUser3223,2872
TestUser657,5020
TestUser4565,4362
TestUser3228,2877
TestUser3229,2878
TestUser846,5230
TestUser2313,1861
TestUser2312,1860
TestUser2311,1859
TestUser2310,1858
TestUser2317,1865
TestUser2316,1864
TestUser2315,1863
TestUser2314,1862
TestUser496,4800
TestUser2319,1867
TestUser2318,1866
TestUser1363,805
TestUser1362,804
TestUser1361,803
TestUser1360,802
TestUser1367,809
TestUser1366,808
TestUser1365,807
TestUser1364,806
TestUser893,5282
TestUser1369,811
TestUser1368,810
TestUser538,4888
TestUser847,5231
TestUser4813,4638
TestUser4937,4775
TestUser4323,4094
TestUser848,5232
TestUser668,5032
TestUser3130,2769
TestUser3131,2770
TestUser3132,2771
TestUser3133,2772
TestUser3134,2773
TestUser3135,2774
TestUser2409,1967
TestUser2408,1966
TestUser2407,1965
TestUser2406,1964
TestUser2405,1963
TestUser2404,1962
TestUser2403,1961
TestUser2402,1960
TestUser2401,1959
TestUser2400,1958
TestUser2274,1817
TestUser1219,645
TestUser1218,644
TestUser1217,643
TestUser1216,642
TestUser1215,641
TestUser1214,640
TestUser1213,639
TestUser1212,638
TestUser1211,637
TestUser1210,636
TestUser1811,1303
TestUser1810,1302
TestUser1813,1305
TestUser1812,1304
TestUser1815,1307
TestUser1814,1306
TestUser1817,1309
TestUser1816,1308
TestUser1819,1311
TestUser1818,1310
TestUser3958,3687
TestUser4678,4487
TestUser2271,1814
TestUser941,5336
TestUser940,5335
TestUser943,5338
TestUser942,5337
TestUser945,5340
TestUser2272,1815
TestUser3349,3011
TestUser946,5341
TestUser949,5344
TestUser3857,3575
TestUser2273,1816
TestUser2542,2115
TestUser2543,2116
TestUser2540,2113
TestUser2541,2114
TestUser2546,2119
TestUser2547,2120
TestUser2544,2117
TestUser2545,2118
TestUser3044,2673
TestUser3045,2674
TestUser2548,2121
TestUser2549,2122
TestUser3040,2669
TestUser3041,2670
TestUser3042,2671
TestUser3043,2672
TestUser3348,3010
TestUser705,5074
TestUser3856,3574
TestUser419,3945
TestUser3846,3563
TestUser922,5315
TestUser418,3934
TestUser2898,2509
TestUser2899,2510
TestUser3543,3227
TestUser3542,3226
TestUser3545,3229
TestUser3544,3228
TestUser3547,3231
TestUser3546,3230
TestUser2890,2501
TestUser2891,2502
TestUser2892,2503
TestUser2893,2504
TestUser2894,2505
TestUser2895,2506
TestUser2896,2507
TestUser2897,2508
TestUser4243,4005
TestUser4242,4004
TestUser4241,4003
TestUser4240,4002
TestUser4247,4009
TestUser4246,4008
TestUser4245,4007
TestUser4244,4006
TestUser441,4190
TestUser4249,4011
TestUser4248,4010
TestUser4299,4066
TestUser897,5286
TestUser896,5285
TestUser895,5284
TestUser3854,3572
TestUser4329,4100
TestUser892,5281
TestUser891,5280
TestUser890,5279
TestUser4302,4071
TestUser920,5313
TestUser899,5288
TestUser391,3634
TestUser1969,1477
TestUser1968,1476
TestUser411,3857
TestUser410,3846
TestUser417,3923
TestUser416,3912
TestUser415,3901
TestUser414,3890
TestUser1961,1469
TestUser1960,1468
TestUser1963,1471
TestUser1962,1470
TestUser1965,1473
TestUser1964,1472
TestUser1967,1475
TestUser1966,1474
TestUser4306,4075
TestUser3853,3571
TestUser4304,4073
TestUser4305,4074
TestUser3439,3111
TestUser3438,3110
TestUser4300,4069
TestUser4301,4070
TestUser3435,3107
TestUser3434,3106
TestUser3437,3109
TestUser3436,3108
TestUser3431,3103
TestUser3430,3102
TestUser3433,3105
TestUser3432,3104
TestUser3838,3554
TestUser3949,3677
TestUser3948,3676
TestUser4826,4652
TestUser3945,3673
TestUser3944,3672
TestUser3947,3675
TestUser3946,3674
TestUser3941,3669
TestUser3940,3668
TestUser3943,3671
TestUser3852,3570
TestUser860,5246
TestUser458,4378
TestUser4308,4077
TestUser309,2723
TestUser308,2712
TestUser307,2701
TestUser306,2690
TestUser305,2679
TestUser304,2668
TestUser303,2657
TestUser302,2646
TestUser301,2635
TestUser300,2624
TestUser2871,2480
TestUser3826,3541
TestUser731,5103
TestUser4805,4629
TestUser3827,3542
TestUser3824,3539
TestUser527,4876
TestUser526,4875
TestUser525,4874
TestUser3825,3540
TestUser523,4872
TestUser522,4871
TestUser521,4870
TestUser3851,3569
TestUser3822,3537
TestUser4347,4120
TestUser3978,3709
TestUser3823,3538
TestUser1565,1029
TestUser1564,1028
TestUser1567,1031
TestUser1566,1030
TestUser1561,1025
TestUser1560,1024
TestUser1563,1027
TestUser1562,1026
TestUser4018,3755
TestUser3821,3536
TestUser1569,1033
TestUser1568,1032
TestUser4727,4542
TestUser924,5317
TestUser902,5293
TestUser4720,4535
TestUser4721,4536
TestUser4807,4631
TestUser575,4929
TestUser928,5321
TestUser4722,4537
TestUser4723,4538
TestUser4928,4765
TestUser639,5000
TestUser4929,4766
TestUser633,4994
TestUser632,4993
TestUser631,4992
TestUser3942,3670
TestUser637,4998
TestUser636,4997
TestUser635,4996
TestUser634,4995
TestUser4806,4630
TestUser466,4467
TestUser2690,2279
TestUser467,4478
TestUser3798,3509
TestUser464,4445
TestUser4729,4544
TestUser3329,2989
TestUser465,4456
TestUser4923,4760
TestUser462,4423
TestUser463,4434
TestUser2146,1675
TestUser2147,1676
TestUser2144,1673
TestUser2145,1674
TestUser2142,1671
TestUser2143,1672
TestUser2140,1669
TestUser2141,1670
TestUser4878,4709
TestUser4879,4710
TestUser461,4412
TestUser9,5289
TestUser3158,2799
TestUser2148,1677
TestUser2149,1678
TestUser1176,597
TestUser1177,598
TestUser1174,595
TestUser1175,596
TestUser1172,593
TestUser1173,594
TestUser1170,591
TestUser1171,592
TestUser4687,4497
TestUser4,3733
TestUser1178,599
TestUser1179,600
TestUser1774,1261
TestUser1775,1262
TestUser1776,1263
TestUser1777,1264
TestUser1770,1257
TestUser1771,1258
TestUser1772,1259
TestUser1773,1260
TestUser4684,4494
TestUser1778,1265
TestUser1779,1266
TestUser3604,3295
TestUser4359,4133
TestUser852,5237
TestUser2265,1807
TestUser4689,4499
TestUser3309,2967
TestUser3308,2966
TestUser4908,4743
TestUser4909,4744
TestUser3303,2961
TestUser3156,2797
TestUser3301,2959
TestUser3300,2958
TestUser3307,2965
TestUser3306,2964
TestUser3305,2963
TestUser3157,2798
TestUser4358,4132
TestUser851,5236
TestUser4802,4626
TestUser2090,1613
TestUser2091,1614
TestUser2092,1615
TestUser2093,1616
TestUser2094,1617
TestUser2095,1618
TestUser2096,1619
TestUser2097,1620
TestUser2098,1621
TestUser2099,1622
TestUser1680,1157
TestUser1681,1158
TestUser1682,1159
TestUser1683,1160
TestUser1684,1161
TestUser1685,1162
TestUser1686,1163
TestUser1687,1164
TestUser1688,1165
TestUser1689,1166
TestUser644,5006
TestUser4739,4555
TestUser645,5007
TestUser642,5004
TestUser894,5283
TestUser643,5005
TestUser3237,2887
TestUser3236,2886
TestUser3235,2885
TestUser3234,2884
TestUser3233,2883
TestUser3232,2882
TestUser2328,1877
TestUser2329,1878
TestUser2326,1875
TestUser2327,1876
TestUser2324,1873
TestUser2325,1874
TestUser2322,1871
TestUser2323,1872
TestUser2320,1869
TestUser2321,1870
TestUser456,4356
TestUser696,5063
TestUser1358,799
TestUser1359,800
TestUser1356,797
TestUser1357,798
TestUser1354,795
TestUser1355,796
TestUser1352,793
TestUser1353,794
TestUser1350,791
TestUser1351,792
TestUser641,5003
TestUser524,4873
TestUser1198,621
TestUser1199,622
TestUser589,4944
TestUser1194,617
TestUser1195,618
TestUser1196,619
TestUser1197,620
TestUser1190,613
TestUser1191,614
TestUser1192,615
TestUser1193,616
TestUser4496,4285
TestUser4497,4286
TestUser4494,4283
TestUser4495,4284
TestUser4492,4281
TestUser4493,4282
TestUser4490,4279
TestUser4491,4280
TestUser4354,4128
TestUser520,4869
TestUser855,5240
TestUser4498,4287
TestUser4499,4288
TestUser4654,4461
TestUser1914,1417
TestUser4656,4463
TestUser4657,4464
TestUser4650,4457
TestUser4651,4458
TestUser4652,4459
TestUser1915,1418
TestUser4658,4465
TestUser1444,895
TestUser3123,2761
TestUser3122,2760
TestUser2438,1999
TestUser1917,1420
TestUser3127,2765
TestUser3126,2764
TestUser3125,2763
TestUser3124,2762
TestUser2432,1993
TestUser1910,1413
TestUser2430,1991
TestUser2431,1992
TestUser2436,1997
TestUser2437,1998
TestUser2434,1995
TestUser1911,1414
TestUser1228,655
TestUser1229,656
TestUser1912,1415
TestUser1222,649
TestUser1223,650
TestUser1220,647
TestUser1221,648
TestUser1226,653
TestUser1227,654
TestUser1224,651
TestUser1225,652
TestUser4012,3749
TestUser4013,3750
TestUser4859,4688
TestUser4808,4632
TestUser4010,3747
TestUser4735,4551
TestUser957,5353
TestUser954,5350
TestUser4011,3748
TestUser2559,2133
TestUser2558,2132
TestUser950,5346
TestUser4857,4686
TestUser2555,2129
TestUser2554,2128
TestUser2557,2131
TestUser2556,2130
TestUser2551,2125
TestUser2550,2124
TestUser2553,2127
TestUser2552,2126
TestUser4539,4333
TestUser4014,3751
TestUser3059,2689
TestUser3058,2688
TestUser3057,2687
TestUser3056,2686
TestUser3055,2685
TestUser3054,2684
TestUser3053,2683
TestUser3052,2682
TestUser3051,2681
TestUser3050,2680
TestUser4851,4680
TestUser4573,4371
TestUser4019,3756
TestUser859,5244
TestUser4724,4539
TestUser968,5365
TestUser3911,3636
TestUser4531,4325
TestUser2889,2499
TestUser2888,2498
TestUser4278,4043
TestUser4279,4044
TestUser2883,2493
TestUser2882,2492
TestUser2881,2491
TestUser2880,2490
TestUser2887,2497
TestUser2886,2496
TestUser2885,2495
TestUser2884,2494
TestUser858,5243
TestUser4478,4265
TestUser4479,4266
TestUser4725,4540
TestUser4474,4261
TestUser4475,4262
TestUser4476,4263
TestUser4477,4264
TestUser4470,4257
TestUser4471,4258
TestUser4472,4259
TestUser4473,4260
TestUser884,5272
TestUser885,5273
TestUser886,5274
TestUser887,5275
TestUser880,5268
TestUser4537,4331
TestUser4814,4639
TestUser883,5271
TestUser4536,4330
TestUser888,5276
TestUser889,5277
TestUser4352,4126
TestUser1994,1505
TestUser1995,1506
TestUser1996,1507
TestUser1997,1508
TestUser1990,1501
TestUser1991,1502
TestUser1992,1503
TestUser1993,1504
TestUser408,3823
TestUser409,3834
TestUser1998,1509
TestUser1999,1510
TestUser3448,3121
TestUser3449,3122
TestUser4313,4083
TestUser4312,4082
TestUser4315,4085
TestUser4314,4084
TestUser4317,4087
TestUser4316,4086
TestUser3440,3113
TestUser3441,3114
TestUser3442,3115
TestUser3443,3116
TestUser3444,3117
TestUser3445,3118
TestUser3446,3119
TestUser3447,3120
TestUser3938,3665
TestUser3939,3666
TestUser4436,4219
TestUser3688,3387
TestUser3689,3388
TestUser3686,3385
TestUser3687,3386
TestUser3684,3383
TestUser3685,3384
TestUser3682,3381
TestUser3683,3382
TestUser3680,3379
TestUser3681,3380
TestUser4438,4221
TestUser801,5181
TestUser318,2823
TestUser319,2834
TestUser4439,4222
TestUser314,2779
TestUser315,2790
TestUser316,2801
TestUser317,2812
TestUser310,2735
TestUser311,2746
TestUser312,2757
TestUser313,2768
TestUser454,4334
TestUser534,4884
TestUser535,4885
TestUser536,4886
TestUser537,4887
TestUser4009,3745
TestUser4008,3744
TestUser532,4882
TestUser533,4883
TestUser4005,3741
TestUser4004,3740
TestUser4007,3743
TestUser4006,3742
TestUser4001,3737
TestUser4000,3736
TestUser4003,3739
TestUser4002,3738
TestUser1510,969
TestUser1511,970
TestUser1512,971
TestUser1513,972
TestUser1514,973
TestUser1515,974
TestUser1516,975
TestUser1517,976
TestUser1518,977
TestUser1519,978
TestUser3844,3561
TestUser3845,3562
TestUser3598,3287
TestUser3599,3288
TestUser3840,3557
TestUser3841,3558
TestUser3842,3559
TestUser3843,3560
TestUser3592,3281
TestUser3593,3282
TestUser3590,3279
TestUser3591,3280
TestUser3596,3285
TestUser3597,3286
TestUser3594,3283
TestUser3595,3284
TestUser3410,3080
TestUser4921,4758
TestUser546,4897
TestUser629,4989
TestUser4126,3875
TestUser620,4980
TestUser621,4981
TestUser622,4982
TestUser623,4983
TestUser624,4984
TestUser625,4985
TestUser626,4986
TestUser627,4987
TestUser732,5104
TestUser1428,877
TestUser1429,878
TestUser733,5105
TestUser1424,873
TestUser1425,874
TestUser1426,875
TestUser1427,876
TestUser1420,869
TestUser1421,870
TestUser1422,871
TestUser1423,872
TestUser4818,4643
TestUser638,4999
TestUser736,5108
TestUser737,5109
TestUser2151,1681
TestUser2150,1680
TestUser2153,1683
TestUser2152,1682
TestUser2155,1685
TestUser2154,1684
TestUser2157,1687
TestUser2156,1686
TestUser2159,1689
TestUser2158,1688
TestUser4869,4699
TestUser4868,4698
TestUser1161,581
TestUser1160,580
TestUser1163,583
TestUser1162,582
TestUser1165,585
TestUser1164,584
TestUser1167,587
TestUser1166,586
TestUser1169,589
TestUser1168,588
TestUser1767,1253
TestUser1766,1252
TestUser1765,1251
TestUser1764,1250
TestUser1763,1249
TestUser1762,1248
TestUser1761,1247
TestUser1760,1246
TestUser362,3312
TestUser1769,1255
TestUser1768,1254
TestUser596,4952
TestUser3336,2997
TestUser3337,2998
TestUser3334,2995
TestUser3335,2996
TestUser3332,2993
TestUser3333,2994
TestUser3330,2991
TestUser3331,2992
TestUser4917,4753
TestUser4916,4752
TestUser4915,4751
TestUser4914,4750
TestUser4913,4749
TestUser4912,4748
TestUser3338,2999
TestUser3339,3000
TestUser3975,3706
TestUser4655,4462
TestUser4408,4188
TestUser2083,1605
TestUser2082,1604
TestUser2081,1603
TestUser2080,1602
TestUser2087,1609
TestUser2086,1608
TestUser2085,1607
TestUser2084,1606
TestUser2089,1611
TestUser2088,1610
TestUser1693,1171
TestUser1692,1170
TestUser1691,1169
TestUser1690,1168
TestUser1697,1175
TestUser1696,1174
TestUser1695,1173
TestUser1694,1172
TestUser3976,3707
TestUser1699,1177
TestUser1698,1176
TestUser813,5194
TestUser531,4881
TestUser4952,4792
TestUser4128,3877
TestUser3849,3566
TestUser2339,1889
TestUser2338,1888
TestUser3200,2847
TestUser3201,2848
TestUser3025,2652
TestUser3207,2854
TestUser3204,2851
TestUser3205,2852
TestUser2331,1881
TestUser2330,1880
TestUser2333,1883
TestUser2332,1882
TestUser2335,1885
TestUser2334,1884
TestUser2337,1887
TestUser2336,1886
TestUser1349,789
TestUser1348,788
TestUser4061,3803
TestUser1341,781
TestUser1340,780
TestUser1343,783
TestUser1342,782
TestUser1345,785
TestUser1344,784
TestUser1347,787
TestUser1346,786
TestUser437,4145
TestUser97,5367
TestUser592,4948
TestUser1189,611
TestUser1188,610
TestUser1187,609
TestUser1186,608
TestUser1185,607
TestUser1184,606
TestUser1183,605
TestUser1182,604
TestUser1181,603
TestUser1180,602
TestUser4481,4269
TestUser4480,4268
TestUser4483,4271
TestUser4482,4270
TestUser4485,4273
TestUser4484,4272
TestUser4487,4275
TestUser3693,3393
TestUser4489,4277
TestUser4488,4276
TestUser4647,4453
TestUser4646,4452
TestUser4645,4451
TestUser4644,4450
TestUser4643,4449
TestUser4642,4448
TestUser3118,2755
TestUser3119,2756
TestUser3116,2753
TestUser3117,2754
TestUser3114,2751
TestUser3115,2752
TestUser3112,2749
TestUser3113,2750
TestUser3110,2747
TestUser3111,2748
TestUser2425,1985
TestUser2424,1984
TestUser2427,1987
TestUser2426,1986
TestUser2421,1981
TestUser2420,1980
TestUser2423,1983
TestUser2422,1982
TestUser2429,1989
TestUser2428,1988
TestUser4922,4759
TestUser1235,663
TestUser1234,662
TestUser1237,665
TestUser1236,664
TestUser1231,659
TestUser1230,658
TestUser1233,661
TestUser1232,660
TestUser4486,4274
TestUser1239,667
TestUser1238,666
TestUser4870,4701
TestUser4547,4342
TestUser4734,4550
TestUser4871,4702
TestUser430,4068
TestUser4016,3753
TestUser591,4947
TestUser2528,2099
TestUser2529,2100
TestUser4873,4704
TestUser3581,3269
TestUser2520,2091
TestUser2521,2092
TestUser2522,2093
TestUser2523,2094
TestUser2524,2095
TestUser2525,2096
TestUser2526,2097
TestUser2527,2098
TestUser3068,2699
TestUser3069,2700
TestUser4876,4707
TestUser3062,2693
TestUser3063,2694
TestUser3060,2691
TestUser3061,2692
TestUser3066,2697
TestUser3067,2698
TestUser3064,2695
TestUser3065,2696
TestUser876,5263
TestUser4269,4033
TestUser4268,4032
TestUser4124,3873
TestUser4260,4024
TestUser4263,4027
TestUser4262,4026
TestUser4265,4029
TestUser4264,4028
TestUser4267,4031
TestUser4266,4030
TestUser2634,2217
TestUser2635,2218
TestUser2636,2219
TestUser2637,2220
TestUser2630,2213
TestUser2631,2214
TestUser2632,2215
TestUser2633,2216
TestUser4467,4253
TestUser4466,4252
TestUser4465,4251
TestUser4464,4250
TestUser2638,2221
TestUser2639,2222
TestUser4274,4039
TestUser4460,4246
TestUser4895,4728
TestUser4815,4640
TestUser1987,1497
TestUser1986,1496
TestUser1985,1495
TestUser1984,1494
TestUser1983,1493
TestUser1982,1492
TestUser1981,1491
TestUser1980,1490
TestUser439,4167
TestUser438,4156
TestUser1989,1499
TestUser1988,1498
TestUser84,5223
TestUser3459,3133
TestUser3458,3132
TestUser3453,3127
TestUser3452,3126
TestUser3451,3125
TestUser3450,3124
TestUser3457,3131
TestUser3456,3130
TestUser3455,3129
TestUser3454,3128
TestUser2982,2603
TestUser2983,2604
TestUser2980,2601
TestUser2981,2602
TestUser2986,2607
TestUser2987,2608
TestUser2984,2605
TestUser2985,2606
TestUser3691,3391
TestUser3690,3390
TestUser2988,2609
TestUser2989,2610
TestUser3695,3395
TestUser3694,3394
TestUser3697,3397
TestUser3696,3396
TestUser321,2857
TestUser320,2846
TestUser323,2879
TestUser322,2868
TestUser325,2901
TestUser324,2890
TestUser327,2923
TestUser326,2912
TestUser329,2945
TestUser328,2934
TestUser987,5386
TestUser986,5385
TestUser981,5380
TestUser3885,3606
TestUser4730,4546
TestUser982,5381
TestUser509,4856
TestUser508,4855
TestUser3898,3620
TestUser4659,4466
TestUser501,4848
TestUser500,4846
TestUser364,3334
TestUser502,4849
TestUser505,4852
TestUser504,4851
TestUser507,4854
TestUser506,4853
TestUser4078,3821
TestUser4079,3822
TestUser4070,3813
TestUser4071,3814
TestUser4072,3815
TestUser4073,3816
TestUser4074,3817
TestUser4075,3818
TestUser4076,3819
TestUser4077,3820
TestUser1503,961
TestUser1502,960
TestUser1501,959
TestUser1500,958
TestUser1507,965
TestUser1506,964
TestUser1505,963
TestUser1504,962
TestUser1509,967
TestUser1508,966
TestUser185,1345
TestUser184,1334
TestUser187,1367
TestUser186,1356
TestUser181,1301
TestUser180,1290
TestUser183,1323
TestUser182,1312
TestUser2854,2461
TestUser2855,2462
TestUser2856,2463
TestUser2857,2464
TestUser189,1389
TestUser188,1378
TestUser2852,2459
TestUser2853,2460
TestUser4406,4186
TestUser4271,4036
TestUser713,5083
TestUser1452,904
TestUser619,4978
TestUser618,4977
TestUser615,4974
TestUser614,4973
TestUser617,4976
TestUser616,4975
TestUser611,4970
TestUser4322,4093
TestUser613,4972
TestUser612,4971
TestUser4104,3851
TestUser4105,3852
TestUser4106,3853
TestUser4107,3854
TestUser4100,3847
TestUser4101,3848
TestUser1439,889
TestUser1438,888
TestUser1437,887
TestUser1436,886
TestUser1435,885
TestUser1434,884
TestUser1433,883
TestUser1432,882
TestUser1431,881
TestUser1430,880
TestUser3415,3085
TestUser856,5241
TestUser1752,1237
TestUser1753,1238
TestUser1750,1235
TestUser1751,1236
TestUser1756,1241
TestUser1757,1242
TestUser1754,1239
TestUser1755,1240
TestUser1758,1243
TestUser1759,1244
TestUser815,5196
TestUser832,5215
TestUser4861,4691
TestUser835,5218
TestUser3321,2981
TestUser3320,2980
TestUser3323,2983
TestUser3322,2982
TestUser3325,2985
TestUser3324,2984
TestUser3327,2987
TestUser3326,2986
TestUser1456,908
TestUser3328,2988
TestUser4920,4757
TestUser4788,4609
TestUser4926,4763
TestUser4927,4764
TestUser4924,4761
TestUser4925,4762
TestUser4911,4747
TestUser839,5222
TestUser3419,3089
TestUser838,5221
TestUser3418,3088
TestUser4972,4814
TestUser4307,4076
TestUser4910,4746
TestUser4904,4739
TestUser4858,4687
TestUser3302,2960
TestUser4856,4685
TestUser3963,3693
TestUser4854,4683
TestUser4855,4684
TestUser4852,4681
TestUser4853,4682
TestUser4850,4679
TestUser3962,3692
TestUser4525,4318
TestUser4907,4742
TestUser3219,2867
TestUser3218,2866
TestUser3215,2863
TestUser3214,2862
TestUser3217,2865
TestUser3216,2864
TestUser3211,2859
TestUser3210,2858
TestUser3213,2861
TestUser3212,2860
TestUser840,5224
TestUser40,3734
TestUser4902,4737
TestUser47,4511
TestUser3304,2962
TestUser46,4400
TestUser4522,4315
TestUser2188,1721
TestUser2189,1722
TestUser583,4938
TestUser2182,1715
TestUser2183,1716
TestUser2180,1713
TestUser2181,1714
TestUser2186,1719
TestUser2187,1720
TestUser2184,1717
TestUser2185,1718
TestUser3969,3699
TestUser3968,3698
TestUser49,4733
TestUser4523,4316
TestUser783,5160
TestUser401,3746
TestUser48,4622
TestUser582,4937
TestUser781,5158
TestUser866,5252
TestUser404,3779
TestUser3109,2745
TestUser3108,2744
TestUser4670,4479
TestUser4671,4480
TestUser4676,4485
TestUser4677,4486
TestUser4674,4483
TestUser4675,4484
TestUser3101,2737
TestUser3100,2736
TestUser3103,2739
TestUser3102,2738
TestUser3105,2741
TestUser3104,2740
TestUser3107,2743
TestUser3106,2742
TestUser2450,2013
TestUser2451,2014
TestUser2452,2015
TestUser2453,2016
TestUser2454,2017
TestUser2455,2018
TestUser2456,2019
TestUser2457,2020
TestUser2458,2021
TestUser2459,2022
TestUser1240,669
TestUser1241,670
TestUser1242,671
TestUser1243,672
TestUser1244,673
TestUser1245,674
TestUser1246,675
TestUser1247,676
TestUser1248,677
TestUser1249,678
TestUser4521,4314
TestUser4025,3763
TestUser4588,4387
TestUser4589,4388
TestUser4409,4189
TestUser4580,4379
TestUser4581,4380
TestUser4582,4381
TestUser4583,4382
TestUser4584,4383
TestUser4585,4384
TestUser4586,4385
TestUser4587,4386
TestUser2539,2111
TestUser2538,2110
TestUser2533,2105
TestUser2532,2104
TestUser2531,2103
TestUser2530,2102
TestUser2537,2109
TestUser2536,2108
TestUser2535,2107
TestUser2534,2106
TestUser3075,2707
TestUser3074,2706
TestUser3077,2709
TestUser3076,2708
TestUser3071,2703
TestUser3070,2702
TestUser3073,2705
TestUser3072,2704
TestUser3079,2711
TestUser3078,2710
TestUser667,5031
TestUser660,5024
TestUser405,3790
TestUser586,4941
TestUser4413,4194
