TestMe1,bbb000000001,u-1testme,8
TestMe2,bbb000000002,u-2testme,9
TestMe3,bbb000000003,u-3testme,10
TestMe4,bbb000000004,u-4testme,11
TestMe5,bbb000000005,u-5testme,12
TestMe6,bbb000000006,u-6testme,13
TestMe7,bbb000000007,u-7testme,14
TestMe8,bbb000000008,u-8testme,15
TestMe9,bbb000000009,u-9testme,16
TestMe10,bbb000000010,u-1testme0,17
TestMe11,bbb000000011,u-1testme1,18
TestMe12,bbb000000012,u-1testme2,19
TestMe13,bbb000000013,u-1testme3,20
TestMe14,bbb000000014,u-1testme4,21
TestMe15,bbb000000015,u-1testme5,22
TestMe16,bbb000000016,u-1testme6,23
TestMe17,bbb000000017,u-1testme7,24
TestMe18,bbb000000018,u-1testme8,25
TestMe19,bbb000000019,u-1testme9,26
TestMe20,bbb000000020,u-2testme0,27
TestMe21,bbb000000021,u-2testme1,28
TestMe22,bbb000000022,u-2testme2,29
TestMe23,bbb000000023,u-2testme3,30
TestMe24,bbb000000024,u-2testme4,31
TestMe25,bbb000000025,u-2testme5,32
TestMe26,bbb000000026,u-2testme6,33
TestMe27,bbb000000027,u-2testme7,34
TestMe28,bbb000000028,u-2testme8,35
TestMe29,bbb000000029,u-2testme9,36
TestMe30,bbb000000030,u-3testme0,37
TestMe31,bbb000000031,u-3testme1,38
TestMe32,bbb000000032,u-3testme2,39
TestMe33,bbb000000033,u-3testme3,40
TestMe34,bbb000000034,u-3testme4,41
TestMe35,bbb000000035,u-3testme5,42
TestMe36,bbb000000036,u-3testme6,43
TestMe37,bbb000000037,u-3testme7,44
TestMe38,bbb000000038,u-3testme8,45
TestMe39,bbb000000039,u-3testme9,46
TestMe40,bbb000000040,u-4testme0,47
TestMe41,bbb000000041,u-4testme1,48
TestMe42,bbb000000042,u-4testme2,49
TestMe43,bbb000000043,u-4testme3,50
TestMe44,bbb000000044,u-4testme4,51
TestMe45,bbb000000045,u-4testme5,52
TestMe46,bbb000000046,u-4testme6,53
TestMe47,bbb000000047,u-4testme7,54
TestMe48,bbb000000048,u-4testme8,55
TestMe49,bbb000000049,u-4testme9,56
Reciver1,aaaa00000001,u-1reciver,57
Reciver2,aaaa00000002,u-2reciver,58
Reciver3,aaaa00000003,u-3reciver,59
Reciver4,aaaa00000004,u-4reciver,60
Reciver5,aaaa00000005,u-5reciver,61
Reciver6,aaaa00000006,u-6reciver,62
Reciver7,aaaa00000007,u-7reciver,63
Reciver8,aaaa00000008,u-8reciver,64
Reciver9,aaaa00000009,u-9reciver,65
Reciver10,aaaa00000010,u-1reciver0,66
Reciver11,aaaa00000011,u-1reciver1,67
Reciver12,aaaa00000012,u-1reciver2,68
Reciver13,aaaa00000013,u-1reciver3,69
Reciver14,aaaa00000014,u-1reciver4,70
Reciver15,aaaa00000015,u-1reciver5,71
Reciver16,aaaa00000016,u-1reciver6,72
Reciver17,aaaa00000017,u-1reciver7,73
Reciver18,aaaa00000018,u-1reciver8,74
Reciver19,aaaa00000019,u-1reciver9,75
Reciver20,aaaa00000020,u-2reciver0,76
Reciver21,aaaa00000021,u-2reciver1,77
Reciver22,aaaa00000022,u-2reciver2,78
Reciver23,aaaa00000023,u-2reciver3,79
Reciver24,aaaa00000024,u-2reciver4,80
Reciver25,aaaa00000025,u-2reciver5,81
Reciver26,aaaa00000026,u-2reciver6,82
Reciver27,aaaa00000027,u-2reciver7,83
Reciver28,aaaa00000028,u-2reciver8,84
Reciver29,aaaa00000029,u-2reciver9,85
Reciver30,aaaa00000030,u-3reciver0,86
Reciver31,aaaa00000031,u-3reciver1,87
Reciver32,aaaa00000032,u-3reciver2,88
Reciver33,aaaa00000033,u-3reciver3,89
Reciver34,aaaa00000034,u-3reciver4,90
Reciver35,aaaa00000035,u-3reciver5,91
Reciver36,aaaa00000036,u-3reciver6,92
Reciver37,aaaa00000037,u-3reciver7,93
Reciver38,aaaa00000038,u-3reciver8,94
Reciver39,aaaa00000039,u-3reciver9,95
Reciver40,aaaa00000040,u-4reciver0,96
Reciver41,aaaa00000041,u-4reciver1,97
Reciver42,aaaa00000042,u-4reciver2,98
Reciver43,aaaa00000043,u-4reciver3,99
Reciver44,aaaa00000044,u-4reciver4,100
Reciver45,aaaa00000045,u-4reciver5,101
Reciver46,aaaa00000046,u-4reciver6,102
Reciver47,aaaa00000047,u-4reciver7,103
Reciver48,aaaa00000048,u-4reciver8,104
Reciver49,aaaa00000049,u-4reciver9,105
